PIDN,Ca,P,pH,SOC,Sand
0KbdgApg,-0.12046688959498628,-0.18894222441327793,-0.1033909679260272,0.18910774129437263,-0.9643132902402058
0MnuuduB,-0.24994902281935885,-0.1650825857310057,-0.3409929864764204,0.9865469305503729,-1.1591783694389515
0ShTFLYJ,-0.4387470824318478,-0.3713245720108866,-0.7577181023140627,-0.5905494780096481,0.011820533606907602
0Y7Wegri,-0.12168706377444327,-0.08253748333661905,0.3439311368135518,-0.03866318923001161,0.1987862354087738
0dTqplIM,0.04122824967709452,-0.10498800996559633,0.39651895482502875,0.48815489119549504,-0.953457722717836
0rGeJ0QN,-0.3133826903779206,0.030208016004873425,-0.3444879018917406,-0.07915100075223408,0.22586251136055946
0sXI9ytQ,-0.402231847817485,-0.05150582775329497,-0.3295823157899117,-0.6926043368980144,1.5715963562974598
1Csy0gvE,-0.41441585466992004,-0.1041638056528921,-0.4812049278142627,-0.6304292243778684,0.7208985870912241
1Ic2hly1,-0.27981366824284176,0.0030833555913531707,-0.05213027760706519,-0.12707046496667856,0.1739266558751485
1SO5VJNy,-0.32872189156232706,-0.07939469896837259,-0.11501440649196065,-0.5427105254537239,1.0389533894517846
1arHxK3Y,0.8080436448131938,0.3777259644867134,1.1673833903966997,0.3158665458380845,-0.4336651815190323
1fCW4Bba,-0.3663006922417637,-0.09732750035296876,0.06294778656652847,-0.230443691155526,0.1377120748474244
28LYJC2V,-0.47696077210014826,-0.1891495033129832,-0.6819365963530524,0.7018688214212192,-0.3926252021027811
2CzACvQq,0.5957726378501542,0.04143789863146642,1.1658717252875976,0.04703980377319383,-0.3622053093445346
2FT3crfv,-0.3474073387084394,-0.26690335935061815,-0.27252809236957354,0.662665931484806,-0.8512268673743002
2MkMEApm,-0.3366312947039664,-0.130191114384437,0.19414119005921007,-0.5340754465517712,0.7708680336879167
2NyyCiqn,-0.3597107554718293,-0.10036858703393953,-0.13103391750851706,-0.5271256115563061,0.8985004677234523
2QRzIb84,0.492823448991575,0.24532443752970406,1.5214425911916183,-0.2616397786433323,-0.07975523500598464
2YgAimWK,-0.30455451454922283,-0.10084631840083005,0.21271930737210645,-0.4162392085555735,0.3385384682277508
2homMXMV,-0.39095219539809634,0.09357496690617532,-0.6952208076755453,-0.031369776191600585,0.5878839025072653
2ldLrUtq,-0.5175823475801198,-0.3802389013734668,-0.8804413201256064,-0.3280100700597619,-0.6962365770613557
2nsACW6G,-0.481511374765244,-0.400719032843119,-1.1424141718852954,1.085910321634205,-0.8687707504020596
2yMbVnWc,-0.036988361797816595,0.2828953553013446,-0.7153300578959217,1.4175563850302626,-0.10941099530565385
3WS8R9qm,-0.18977971451284145,-0.546548407306126,-0.8272184630259906,3.1271100422510996,-1.3263145599431385
3mZhp1nQ,-0.44184686919879107,-0.23623417588139362,-0.18935196274197552,-0.498698864903224,0.24135754007857854
3ttdV3f5,-0.4670520203497912,-0.24328888181691913,-0.25727822974000675,-0.44334253560833203,-0.4906242291835173
3wORuPiv,-0.6657243212161744,-0.33274574412966595,-0.6715699479037386,0.0037886570858631785,-0.9931504750452915
457Vwm21,0.054152733010883594,-0.09833302993656035,0.3688735743537537,0.2696558577079275,-0.24529023758394158
46KNnOdx,-0.5417719698342289,-0.17189161185218443,-1.0645453412280634,-0.11126306551639531,0.13924984128165863
4Ane1o2N,-0.5069335596920423,-0.2742956836377107,-0.4559959210789305,-0.536690511276164,0.16589800109203312
4AyVUgSc,-0.48948131881321166,-0.30013561822536583,-0.8178747133409937,-0.3337823190970318,-0.5041729162728898
4B1951On,-0.16030771989390602,-0.24729420173605426,-0.15531474992256236,-0.3641609814478317,-0.38613464634112954
4OL39Teo,-0.12706056451125539,0.057312410702344954,0.08191400044079425,0.4734061744527904,-0.40320499590460673
4eQ90eLY,-0.23959126983909204,-0.2214673292437705,-0.26843015571996065,0.6501259338742005,-0.8411799513551346
5HJp1AXn,-0.49253634781811434,-0.11672518163937891,-0.6169977872412622,0.525019187983932,-0.07411765276432647
5Nq3gHaP,0.13403975735286208,0.22570702026266132,0.3159505008323321,0.750512560604927,-0.44750358362471704
5Tu5Jbov,-0.4182439964468794,-0.3190673994479871,-0.7192126433451427,-0.27134149248719186,-0.4544943315428593
5a8sf6QV,-0.11340722915901946,-0.19054096698795547,0.15278198503538823,0.10023316826476283,-0.9574133136770486
5oK8Gti5,-0.5295307376867358,-0.19393180252287806,-0.3190579519480451,-0.4790075737002695,0.3750638828030311
60B4xMWI,-0.13919663231447119,0.016948640909338272,0.7071840554610237,-0.6199078764528567,-0.047831288825378515
64jOUtKy,0.39807285710763923,0.005901666361793581,0.14442186059659332,1.346376900171294,-0.8744321542024664
6AJo4xNG,-0.23250381171761386,-0.0059543982498442005,-0.22303528116859003,-0.029019818774251693,-0.0846712975230588
6CAvhEte,-0.2888861337188386,-0.2735833107053824,-0.27791363924330004,-0.34543878468923694,-0.2609574369337026
6PzsGdVm,-0.33148872382333766,-0.15903870891000016,-1.0045734938409119,0.38834763751836965,-0.18678997459720648
6UcSJMbq,0.11299812952458457,0.22254668366845382,0.9220042879958702,-0.627164963406728,-0.29335407547122255
6gNyO7Do,0.06370468925961609,-0.19877412878745332,0.04096425432449846,0.26210865111003523,-0.9194244728814889
6nBgCvWu,-0.4042624365095672,-0.18277799176237047,-0.1761354498783385,-0.6110524645562895,0.788211423699398
6ro5mqg6,-0.4206440884795913,-0.1921663041460136,-0.24760772991372312,-0.5965555453464665,0.6766183746628449
6uEGy0n4,1.754564529462789,-0.17506163048768436,1.9403763788260249,-0.2024106554173689,-0.9920913685654207
7Ga0LpfR,0.8929118296802961,0.20516998925288343,0.14838361505068606,1.5561189130458466,-0.898725912519017
7PQsFvsG,-0.4092770139097244,-0.18299240417626733,-1.416374041521338,1.067119755907296,-0.6371745583179729
7cg7C92o,-0.05814994742583509,0.29698216239415,0.1995333426932033,0.5215387294375895,-0.23242671790080488
7eOxTpsB,-0.3310327696410395,-0.12330104354622126,0.22430657973061122,-0.646020682573326,1.1075888307719095
7gocyrYl,-0.2846645456152142,-0.12716147566861968,-0.49848191959792654,0.7484226858360115,-0.318500275638447
7og7aUXB,-0.28024815048790414,-0.14673150561111958,0.03386649178268139,0.14248839239068467,-0.5209870352132391
7onRfa8F,-0.27837210716500066,0.009094595308013417,0.14369966176349055,-0.3988347238451291,0.8376525674512558
7umkNuxM,-0.37869111672611716,-0.1712456967625644,-0.4277016179367844,0.14905940180497101,-0.21893336287363568
7vPr9ExD,-0.20968073354760938,-0.1564820394713619,-0.002018544454556098,0.1661417247516181,-0.8203738494269135
7ztsQNj3,-0.5653350862270913,-0.18933271978380165,-0.6178180541385151,-0.10655813423139232,-0.5496513373027223
86gppwMI,-0.3608968694181337,0.0190239077284977,-0.5525839808686753,-0.17205154153686236,0.9974910190859048
88thAGdL,-0.3404103574274483,-0.2150221245091621,-0.04135250833276899,-0.10109579872797209,-0.5774506674038349
8GhU8STP,1.1682448839327102,-0.02176781940262283,1.4231655990431626,0.482446894383082,-0.9166952856560435
8bXnz62p,-0.24126392556954532,0.20208464635504209,0.09725537052281827,0.17212707714656708,-0.02751429923214549
8nO1O1LG,1.6952207308565153,0.034441949557063214,1.3435661193866109,1.592193008443542,-0.9088461397077867
8xE1p8g8,-0.5681239121410816,-0.16362465141043975,-0.4816783065027098,-0.6849578190634049,-0.2611032906407221
98R5VaPi,0.47543150153023944,0.15315462531646779,1.5619614766983922,-0.5220857768789486,0.30333138285291017
9S7fCoAM,-0.4354258141910069,-0.20244327521869848,-0.09852436074260368,-0.5662956374942444,0.2830386052165957
AJIsQIcV,-0.3249190638135049,-0.30461756221323005,-0.4180442706852855,-0.32785900907434684,-0.2798500191809394
AMHKXMh8,1.6940625866200847,0.046963838557659635,1.8690909926272048,0.07396693408625832,-0.8804140377699781
ASwA2J4E,-0.333394194144274,-0.08283597896808585,-0.11313569773281766,-0.525973163958646,0.9699599109024413
AsIURvJS,-0.5686447518373956,-0.3673695626253048,-1.1524010477069886,1.973955973711229,-1.1668442321942227
AsvgbJ0C,-0.3534014140847492,-0.024290388507915053,-0.9306813044782093,0.49529825654471693,-0.06843177887147905
BBwHqHiH,-0.015584141029961099,-0.2462009476872845,-0.12968488168119705,0.3267780283661931,-1.0572907065149535
BUHS4dQw,0.24072856080476948,-0.09079531299943454,-0.3224495681436321,2.433105427334352,-0.915139897463467
BZB3EYWQ,-0.33203988210342256,-0.05528272199589086,-0.09268964700068906,-0.443689238663854,0.7237452325151275
CSEobMXv,-0.525259620325407,-0.3616806049333155,-1.391428234322878,0.5991617797580406,-0.9295876017897815
CYMQE4x0,-0.0852751712804552,0.019232735453489982,0.9923442781582336,-0.17640554263797803,0.16373352936663296
CvtbbIcq,0.6936030867780673,-0.026794105539142327,1.1631482674407796,0.15156980349212415,-0.6147525238740348
D3QD3ZEJ,-0.3632991827691328,-0.16967314537842315,-0.503354925318505,0.12319164922593229,-0.04766394623262887
D8J5C6lA,0.5071376459962632,0.10518167446277542,1.1037382490814371,0.03347383426960415,-0.7476165785442186
DCeQwYfT,-0.13671299545381613,-0.19562547868560623,0.1427361154929447,0.022853364538760745,-0.42741128384460364
DDEftkx3,-0.415755961031631,-0.004210269831948429,-0.49045727708797426,-0.659565281032752,1.562963420220659
DEwCfeDW,-0.28299402990291594,0.11259130013998482,-0.0013988640273227548,0.12979755394398976,-0.14090647930032835
DnzGfbxS,-0.12567766125682636,-0.295214186205442,0.08529035411867367,0.23986138811322932,-0.9844229135370284
E5hIjohO,0.44395959063968954,-0.2459180724881102,0.4999986766120056,0.7029026849685719,-1.2817638990033433
E6x4XGHt,-0.5009957387379611,-0.17048674032546957,-0.28882686921662004,-0.48370553254607085,0.11738867678279424
Epv8ANwr,-0.44060253941532784,-0.15494999087592393,-0.5345800512099238,0.20578612731245335,-0.04245800773845981
Etro9j0B,-0.05233487014117135,0.3410227963261059,0.1755303558713401,0.3376267626933077,-0.362821115492803
FB8tU00K,-0.5537263315767463,-0.17564814821842561,-0.8441506249450158,0.5374637709785752,-0.26955314218919485
Fnv5tfAm,-0.5996244487831045,-0.2079043475717131,-0.8135668645456621,-0.19477395047398327,-0.2737176766741018
FvrAd3Or,-0.04135522752588857,-0.020652804552055495,0.7107439552732621,-0.7883216722210546,0.01859498645169777
G48zHffi,0.29552414504233243,0.13644438475750437,1.2139170711204252,-0.7411624450848602,0.33660291161722655
G76zCv5N,-0.470454769782635,-0.23545173719261875,-0.6197011623316399,-0.39977652481737613,0.03698444592388944
GCo6MONx,1.1065279451675742,0.0522908594085202,1.0679206539569743,0.5591465788448846,-0.9849881249436172
GPwmO21z,-0.4141633345692722,-0.25950255380986964,-0.5089454825079794,0.08376616051665467,-0.3956937525995405
GXtFFbZy,-0.06007895187231737,0.0773876282912437,-0.26461973017215146,0.13074310435577233,0.06499033166386389
GqkIrOvf,-0.2623341696211173,-0.24658983955651353,-0.5659158868170612,0.5906143057970928,-0.6813735173580835
H0fsegPi,-0.49525128653062583,-0.2776112008527278,-0.3691247379513114,-0.514520160315395,0.017246448126020386
H9JrUYnp,-0.37812325676377023,-0.19047174014362372,-0.04317115049263687,-0.30577025370998046,-0.06175191924049006
HQYhKHZ8,-0.4461469273467104,-0.2334616074676269,-0.8490458492747401,-0.5448457991088423,-0.24563743161322887
HpbKB8rv,-0.37956556779333966,-0.42468522383210167,-1.0647520852285843,0.9885371723345204,-1.1428339031491126
HrkoYjCg,0.04518556480701617,-0.009564782255699872,-0.14622479715353306,0.9297018252721149,-0.6882519629307411
I9sQbtt8,-0.33391981886437305,-0.39259815927251135,-1.1583306315581356,1.6862198063572835,-1.164740630148667
IYNE2SxU,-0.3611121344173786,-0.3819827314552123,-0.5365249898145913,-0.24567059710222205,-0.5951605287982986
IZRFk9kN,-0.31527827938320213,-0.08538345845435918,0.345293767285323,-0.21370613449889753,-0.22572288912744481
Iaq3v0t3,0.9858153881022605,0.3153467398924711,2.196233057355733,-0.7071669615272538,0.11084874316850829
IcHKTLyo,-0.1471550787689013,-0.19902664291499436,-0.19199356297012535,0.22111689937462836,-0.8235217475107011
Itb0PYUV,1.6198200665967337,-0.023850790159509458,1.4701375945413018,0.9968917270542614,-0.9865526912911609
JE1SlbD0,0.6595552565731292,0.020207618064886426,0.47354562577275705,1.8069560160886464,-1.1638159420302703
JEB4McNb,0.9688642342318006,-0.16770475060836842,1.5000371916522417,-0.36067518305994395,-0.7242610095960418
JJSEU2VQ,-0.4052171728742986,-0.07023431052328061,-0.3439516938616225,-0.5660071803555566,0.9810755305632493
JUvQNiOK,-0.1610086738719668,0.15439358393464314,0.7594335035848595,-0.3921784729511897,0.12070865177381496
JcE9G92B,-0.06901496588833342,-0.11369091616410844,0.01121056193795264,0.830361830757623,-0.6670675624405307
JnNYpXHr,0.5675869438203436,0.2648805610377241,0.2652595748313953,1.7167407871623972,-0.6972496164788569
JzpbnOtz,-0.33043591789409144,-0.03091953423275036,0.1453988128384305,-0.5217802099210218,0.7042878085080326
JzzUhPQp,1.8296146207947825,-0.15258010459300508,1.8418477437733127,-0.004331774585203951,-1.031967165740041
K05R8dQK,-0.2882888591268491,-0.1546822064019887,-0.5938270785271014,0.799142035896937,-0.4764373974716774
KSbO0oXS,0.5728901580738792,-0.04952933656387669,0.25541384362474473,1.7565557015158841,-1.066583104632615
KXtvmd01,-0.4339899775018454,-0.21264788079661695,-0.2839363525297251,-0.6372524016727172,0.5521002286799747
KnNyl3rV,-0.34061875950635806,-0.07889568017657986,0.5169033236293846,-0.6061360350595142,0.6314024334169035
Kp2DG8TZ,-0.40450468648900695,-0.06523516068778387,0.2607759503619904,-0.6451415917300065,0.03772681694347835
KqQtKWs5,-0.47863674712285387,-0.2766183889910359,-0.5153187132208912,-0.4472604249186065,0.02244271333516107
L2aTVqDq,-0.38142457588757733,-0.26551567714149793,-1.1963542903392403,0.9883865362825854,-0.6995827255047173
L5jvq6G4,-0.46031720264807496,-0.25222421847560866,-0.5377659218468858,-0.4640939667171212,0.004501357311293808
LINAMlbA,-0.3172518643699586,0.11540432345773029,-0.7657939084350253,0.2772514416738796,0.35746632383811877
LW9uddw7,-0.366071525516493,-0.4535178545869635,-0.9313943785001725,1.2194308042886592,-1.3017506037864743
LZ6sdBTR,1.1190763934172545,0.07064793324246886,1.1196241350379132,0.5169893472363977,-0.7583017687949019
La2Vhnne,0.2704627480272458,-0.02168963300041865,0.20268731381800068,0.8212915281769094,-0.7702171711539605
Lk4SfkPQ,-0.5401076820928445,-0.3471038607070318,-0.8333468620625185,0.6497967066081033,-1.0606119585405858
LllC836d,-0.44775050058894666,-0.12743097915661503,-0.8140465214493795,0.11303300110453413,0.07885723322123595
LzcyHcWa,-0.3912849740024665,-0.0676041868224313,-0.3802865458291659,-0.6003926257815327,1.2892132851133893
M7veP0H4,-0.33870618748024434,-0.08632695851578473,-0.0551997639941286,-0.35020202587368077,0.5207967544304484
MB8aaJUc,-0.39890116600023034,-0.060171043143266253,-1.0904870430654914,0.45580943391507855,-0.18471978384493554
MEzdmEIU,-0.3543778618802583,-0.2257799381052789,0.025752185574430292,-0.48884870310919126,0.23558738621214592
MVnhtivm,-0.4191356047401697,-0.2742484459051657,-0.6375762139680149,-0.11203421671366143,-0.18098903787750015
Mdgy4SsO,0.9719980308915472,-0.17494418683973129,0.334034088768438,1.6917575923131447,-1.218367149526969
Mj8awnzy,-0.37757111255900927,-0.133007230956517,0.15077262955281553,-0.6138959834011334,0.7519110528050863
MpFPbUJy,1.8134975161502256,-0.18967275507382003,1.5570349765358693,0.8527132288916931,-0.9511081462829267
Mqs2t1Eo,-0.6161471493617066,-0.21230572599273245,-0.5517890080635925,-0.11412764837149608,-0.4319521253953252
Mv3jFVxp,-0.33604312715488066,-0.17679075359432472,-0.04039164975077339,-0.17755349748501448,0.24974287596178826
MxODTXvA,0.09389851961943466,-0.15089801116981322,0.18546941134918224,0.3975640280385689,-1.1413722000658328
NLDg5fqw,0.14706286845469949,-0.012930104217765512,0.18145464421640753,-0.13989172577764197,0.09436471747416869
NUuY7PFU,1.7886675896341786,-0.04257156017228035,1.586333576192874,1.125685700047978,-1.1342757797042058
NV1e8AEO,-0.3487158319386709,-0.026873269563307448,-0.1258075239677895,-0.47899180384292994,1.045707047638119
NaJo7C6o,0.14553083738152592,-0.05156439901901229,0.5413401448863521,0.061508459385646364,-0.33484817307999487
NgsyGkrO,0.11773992282143578,-0.16794547706889063,0.3416117703863897,0.5972034836154259,-0.8686625426589325
NjOx4Zpo,-0.4361331699253477,-0.31745382431111063,-1.240725058975866,1.7527062778800484,-1.115413505424578
No4wkdLS,-0.3195726538478676,-0.2849145439697513,-0.7936281698619251,-0.3256021895110669,-0.3625895263405435
OJBBhb6Q,-0.4071334867559144,-0.23131042175130456,-0.4281463733359724,-0.6874753654562367,1.1825111747291206
OVk1lquT,0.14814991357236898,0.20843822686589336,0.02043235556153264,1.3799810415679508,-0.5284300837807956
OXz5OpqR,-0.08784143313747644,0.2574957994988831,0.7690746339164062,-0.2649717264694772,-0.19691649566515784
OcBFW1AX,-0.22840626909198924,0.11160574189642959,-0.7637647167946119,0.2918959117416465,0.26413595299474735
Of9V2rpt,-0.08102046267610649,-0.18156026636391187,0.1320590194831853,-0.042850185712700495,-0.5457959000549923
OfLxPhbG,-0.2594316142439697,-0.16276516870646773,-0.1703098970699338,-0.12263747292180599,-0.40203051905433257
Ojx2vi48,-0.39441880766853876,-0.23679839743580844,-0.7097022462400836,-0.37701819447984397,0.02836608500727522
P3M32iuT,-0.5605633084710991,-0.3400393571772389,-0.6454718738476152,-0.5583654468393825,-0.026463534070335026
P7olVzrO,-0.19540391944420407,-0.26629374441211534,-0.010247380648141957,-0.19390830077687882,-0.086517061373584
PBjEtfXb,-0.4009296604756531,-0.015882515826019586,-0.15999238786070755,-0.46787663295248705,0.8018525296173111
PeNyTOVN,-0.3721295019198683,0.011905852469072845,0.061147247332032334,-0.09408717871255384,0.0698921480621949
PhUPSU53,-0.5481903216521538,-0.2513899683405112,-0.6321261857342991,-0.13357986728452254,-0.5970468219142162
PoDJ0uvK,1.4880737540048106,0.30577315207132755,1.9283947978382403,0.35037762236291353,-0.7239827880946959
PsUJdJdg,-0.3514795369910368,-0.17017750668792675,-0.3710362276964778,0.6942950726194289,-0.5084484050094584
Q3xLFx1f,-0.4481318186627205,-0.21157936136249356,-0.8033009437565326,0.023223600691627544,-0.47064102110246325
QqgWE1ny,-0.4529809634894294,-0.18626800967430807,-0.38522434035471587,-0.04976181787345285,-0.6521478712838589
QsaBiX7V,-0.44615214723099184,-0.19410611225397456,-0.17173968330585304,-0.10134696743741878,-0.6419803251653464
RROfRt9z,-0.17413844234443157,-0.2396069471983835,-0.010947087716900034,0.7430097104760678,-1.1106917731020476
RZnQSH19,-0.4250585584268071,-0.021794143018791776,-0.5741995651937799,-0.6237788480231943,0.9820147633066341
Rc4UK7fT,-0.34989408653251597,-0.07888498993465812,-0.6779716955594425,0.16915295881053888,0.19531438245619714
RcKBKh6B,-0.3323020606757299,-0.07522654157143654,-0.14056413109324162,-0.330210024370737,0.49705214413767707
ReM5kDa5,-0.22938420602959828,-0.16885911119396824,0.028669496636421793,0.2151748669966379,-0.9296729010932072
Rik83O3m,-0.3730535451737082,-0.3010014960432916,-0.5983762610005523,-0.408380817681274,-0.3585954200936646
S77BviOJ,-0.49097916448986606,-0.22946291629736118,-0.32942528960660244,-0.24675380896520482,-0.3782814489055875
SHs1AyfM,-0.2624087370978933,-0.15013629050486516,0.07802385897314743,-0.3554379116695453,-0.022122205616874113
SO4zQy9k,-0.43303033765484483,-0.14845257849048826,-0.16279985247986967,-0.6175032633643315,0.8268234108783259
SOOBCoiG,-0.3712499170976682,-0.14622726417141646,-0.1640880660694117,-0.5170871977429458,1.2245690312777553
SXkkPB7A,-0.33413849147685776,-0.0016008267314689267,0.15126170662444519,-0.4951490934694477,1.188331163849224
Sa93dGqq,-0.21031234621793307,0.17681428574519176,-0.5425779966418681,0.6059007568050371,0.40132710499577895
SonIG72a,-0.39632838980490626,-0.04980019896414582,-0.36669791552556447,-0.3586874789373343,0.683410853263744
Suf6hIBc,-0.3362883720206857,-0.08402806550474903,-0.14989787484198241,-0.5523739359224877,1.1160308440476585
Sx2JeSRz,0.14092802084167563,-0.06362392878071985,0.3067667138634613,0.1393308545079054,-0.46183412543547003
TA1NB3Br,-0.3262370053206309,-0.07482783084393418,-0.06823882620135531,-0.496549827275229,0.8844768081580985
TtJCUiY4,-0.41546530171638374,-0.11039182474222362,0.1276404798470658,-0.7011610638343226,1.1383740236576934
Tzyf02sI,-0.37572654504439,-0.2004680654921438,0.2949708596345939,-0.6633042906865511,1.1053864916493747
UBLnXZAN,-0.4470809188956129,-0.33993576727598185,-1.5609786922134887,1.2416189028368405,-0.9986846728357059
UBWDzleg,-0.4000738726627741,-0.2956471607587337,-0.9361499722578677,0.6248634227585097,-0.8565953477701891
UBqkX6SY,1.6209643236922688,-0.04471012268021847,1.906582123655435,0.01833616663742832,-0.9682705953426325
UeWm1l9F,-0.3905506246242388,-0.09378055998814004,-1.2259456268420068,0.8969257259635898,-0.3784009099174604
UzxipGJS,-0.5071254035477086,-0.25028384314046637,-0.37881695492782264,-0.5415149470950591,0.4744595777338809
V74zfaAQ,-0.19521730599515086,-0.19330654148193832,-0.21583949135640634,0.2882507606406512,-1.0848439332367956
VBPxBLTh,1.5844774434641407,-0.011376627580053658,1.5934771445352003,0.7705410581550787,-0.9339321520824473
VLG7CXYS,-0.3235983593508177,-0.03668850722225227,-0.12987078244678826,-0.21712604280926362,0.3243939994546487
VNk52SpF,-0.5815928358054658,-0.5108113507741494,-1.3269189216515058,2.263839143267906,-1.330295159771002
VTcG4Kcw,-0.20149970033539968,0.1351976840429434,0.5161374855093157,-0.4197490440266002,0.7348947150976187
VeKiWSbS,-0.3699747968945465,-0.09050092598050888,-0.20914581186754888,-0.516530410314995,0.8668553604896745
VnU8nJHU,-0.4847002280096684,-0.29153098843049813,-0.14341014136654492,-0.40642569730681755,-0.448032337778233
W5lgaocA,1.0788921612351556,0.19548374168509702,2.0604228602010433,-0.14484566866700527,-0.2115711822349658
W5mMq9Ef,-0.46826739081028323,-0.1003976790917672,-0.7226416259165568,0.3230883091609178,0.1398384452486992
WDhNqFpS,0.08843747613736705,-0.19079867707858778,-0.20351420269400539,1.0298704154985656,-1.1641561935190141
WE6n1kZi,-0.5044232545268883,-0.20431999549821936,-1.5967051213528065,0.6079872769899484,-0.5351798379680748
WFk6r3vA,-0.5325852418721113,-0.18817680502481537,-0.547238005795929,-0.3349887866615153,-0.11827189094485352
WyPlxDn0,-0.39015104328557687,-0.10569296146830469,-0.09313857664945667,-0.5825817081003487,1.0280818547945585
X3WqoSNN,1.7593078667259843,-0.237802464960869,1.226595178680914,0.5185280669196366,-1.0881447336541141
XDhyP9KB,-0.4726923078859952,-0.2989453793493234,-0.7362846006701071,-0.20967370450276823,-0.5302855184529902
XjfVQbXd,0.4863468643302194,0.19888944427284416,1.4792592241473013,-0.32888460295338917,-0.33142183393937735
Y8H4onBf,-0.4854031992198685,-0.30186335450043866,-0.41903105031109145,-0.42458760168624854,-0.31180625827486724
Y8YgzSZ9,1.5578511785044702,0.27599208786040497,1.5427572781080667,0.7988482639674561,-0.684349956842148
YC4PNV20,-0.4228165629631669,-0.18547012912667302,-0.22417332873653395,-0.6453220416584905,0.8189449728868079
YDHSCRdd,2.6792647881248732,-0.10870915480107156,1.915783182445872,2.300493263459935,-1.0036445471524624
YKvT4dFv,-0.5257748263221271,-0.20112682094211953,-0.7153572974296128,-0.27876810213860437,0.26595507811244773
YNrnqFyb,-0.22927907553028917,-0.07730917279716283,0.2536263249555032,0.023612860965655236,-0.19086755452176818
YUZ4lR3m,-0.42817812194384597,-0.1651504823720574,-0.4570088947667751,-0.40950794524899037,0.3255241412443643
YYLvjoVC,-0.07136021227901015,-0.15877525108295215,0.42045103600887124,-0.2523833109172968,-0.5684668627602056
Yfk6tekH,0.2997765293743682,0.06822024591223745,0.9400393894185158,-0.2625258271226242,-0.5787979838293904
YoSfgmR6,-0.3623920538665271,-0.38161599890794884,-0.5827740306776134,-0.21871601647702932,-0.5539887413926878
Yxqppfa3,-0.16870927520907028,-0.334202976713025,-0.12615374267612298,0.9303775988906031,-0.98228252758255
Z16jTUvP,-0.4686872855903297,-0.1969123673643351,-0.3417655346032429,0.0014437339730840049,0.13521109992802738
Z2BdCCbJ,-0.321726535051357,-0.046583272477967175,-0.08648265001124172,-0.45379905693254696,0.924157076898823
Z2JJMM6V,-0.29715761192639223,-0.19622339880044676,0.020879806021075392,-0.10279506736945204,-0.30219407105942214
Z5jE1OB5,-0.32849270560046656,-0.15279728096378367,-0.11991396945277744,-0.0814551841430603,0.14914467990111271
ZFsIqYxA,-0.29076689252411797,-0.2878721469664144,-0.5711880475705509,-0.12915230965441504,-0.32459130536978836
Zgzf79LA,-0.5148995807324317,-0.3467203820465578,-0.9007172128071266,-0.49176345044514114,-0.18247377296928563
ZjqzxDOF,0.4956183210218625,0.16517703581318272,1.471213150692968,-0.31799954366925254,-0.47169128696281065
ZsZ5aDpq,0.06430305439551384,-0.13737559656576748,0.07064718504228631,1.2853337805496845,-1.0441142188166646
ZwrhgdQV,0.4142650677130832,-0.13516608497601956,0.3717269340634758,1.0270527489260286,-0.7191844105935696
aHpv6KzP,2.518375566368715,-0.17459307993842793,2.0749864850987687,1.1629855800109696,-1.1524863091773256
aYVnVJvc,0.08530576961543182,-0.0771308481764124,0.0880784061554851,0.6395502774190576,-0.9793573441277501
afsVuCGV,-0.5380169118320435,-0.016366594022375683,-0.4526035460332293,0.3732041348653184,0.1309604549168364
aiyli4EI,1.682398095838594,0.42282754819728113,1.5704371925420513,1.2153675844974194,-0.5676859809854415
apJ7NmzD,1.8828545553084768,0.011387672774044885,2.2215468236792386,0.24689658494342265,-0.8717192969023235
atVjNMtQ,-0.45194688250528187,-0.5056373522843058,-1.2434915560152489,1.9310317505523156,-1.3957238666550291
b9SpMjNB,-0.2654946585814729,0.15271755291045708,0.1904578655149081,-0.07350262474879748,0.493792357567879
bDia1hHV,-0.49941560279220903,-0.3170792387876429,-0.4376643923583181,0.5727124378809234,-1.048190501129413
bFkv5Mtr,0.026462325479657545,-0.051085313701841925,0.22975316316842206,0.2772763994383431,-0.36734807461235836
bHe2IXgA,-0.6035499554896131,-0.44849904805968543,-1.5689048194587494,2.0909377695920113,-1.243339160719819
bWX3vUm5,-0.0842381189040313,-0.14507025632425516,0.015341948457769733,0.19274713976080615,-0.9017900799985286
bh04YDiP,-0.516358639479352,-0.2247907922742335,-0.5499974276727594,-0.0034882106465286,-0.05398993842204164
cT6uU0B0,-0.4970644647881674,-0.22307402689567585,-0.3662801592681891,-0.5269969876002555,1.0070581181549016
cmwdt4Av,1.4381972906196392,-0.15767676493471694,1.5297630875606263,0.33689645042865035,-0.9608894021046654
crVOGGTT,-0.349838626054066,-0.23690547003963133,0.1613438391959006,-0.47142348442824755,0.6069910724276
d6LU4G4I,-0.27316841677528203,-0.11178268922407583,-0.4203287972465628,0.15144887335920554,-0.5240723757595558
dR6rM1tQ,-0.061780043833036334,-0.4469339425841912,0.11750760742227659,0.46277230173603795,-1.1229719185770892
dVT26GDu,-0.37051435579187275,-0.2263108143751043,0.06508581036234781,-0.4079856251721893,0.37900920358546863
dpcquvWW,-0.49607165572491857,-0.27305149483810787,-0.45012915360712746,-0.45003582692293076,0.13689508610674012
drWgsBf5,-0.45908675946541727,-0.0798513958780717,-0.5750366584685683,0.4192888678843593,-0.49124063093996756
e4KkkIha,1.4412548192294883,-0.04396298207981311,1.8800157155874135,-0.21706162347889735,-0.6446717470837471
eMllg1qm,0.23822934764097534,0.17503066874499967,0.6825127475387939,-0.08012286357611315,-0.8764598545882087
eNPunZ9i,-0.2851909152502912,0.1451061342804727,-0.8589417542120266,0.43505822924054505,0.13017335535520366
eS5BSM4J,-0.47510095822368364,-0.18958877721810913,-0.45777163966731715,-0.669506865611837,1.1085198362079176
eVGMFoOI,-0.03621987312623955,0.06148961188107517,0.5384139800352994,-0.8607881455369935,0.31695736350844206
eaIwb3rG,-0.27384842890956945,0.2071816420141993,0.012830735115821945,-0.141872193435836,1.2298035737718704
eyzw8Vis,-0.4254967227639015,-0.029625983625969507,-0.1533001748266281,-0.48853783501754744,1.1851893131287956
f04Ke2bN,-0.4303118076842873,-0.015581607708316042,-0.7028271883671496,-0.14342158026623275,0.4823676181396486
f7bd91h5,-0.40922342422227326,-0.17578104580144027,-0.13666410225278067,-0.6535164240403571,0.9454746761653514
fB7z9ndr,-0.20563114439695437,-0.04308661491271795,0.40979094662219073,-0.4608445722983012,1.1502623523352442
fJJIbgY9,0.5618367840885155,0.08742625185299548,1.316583082972343,-0.6246080561496268,-0.7042167539992428
fQBURMvg,-0.36592065703193255,-0.07038588417732608,-0.3068726391721039,-0.4835652020464998,0.9718193758598304
fS0HpOub,-0.43876279649758954,-0.16112606143535899,-0.41317006815395485,-0.6238576430548446,0.625769826186433
favPNA2N,-0.09577619031579959,0.16021150801835243,-0.41482355479265,0.5619431390437297,0.17591992682110769
gqy1J2RS,0.09290238190424735,-0.2624138725177082,0.2896581625204636,-0.059045785391824424,-0.7155521275258163
h3F08Vjm,-0.3250134131296417,-0.19649429970236013,0.17566502303438117,-0.6033924115038256,1.3349173619835892
h7ftM8b3,1.6950714970369338,-0.17374157654339223,1.7428904230329234,-0.026436564419194397,-1.071637338828853
hLrCHXZv,-0.0708151462042533,-0.202826766767723,0.17113864225697747,0.23948433819575965,-1.0923205197510086
hQ6VBuFx,-0.25626573570411854,-0.10442511785621145,-0.08815069886802528,-0.22852504748299807,0.631403229001303
hYoR2y7w,-0.6050552848585211,-0.2104407606183913,-0.6288576935551187,0.27994980628847754,-0.8756616244080981
hyINlsFR,-0.22588070146516118,0.249834179031783,-0.3053097443303493,0.4687736944263521,0.7018208133675807
i0Qlm9Bv,-0.4654539530680513,-0.12643057764142507,0.046665308810977385,-0.6704500047758395,0.7913743037116259
i2l6jXNP,-0.42865882585485515,-0.2719757903455761,-0.6132701914799569,-0.08950024050601724,-0.0378752881045063
i7XtIkSi,-0.4535833621348235,-0.12140317445885564,-0.3592129093422374,0.19254361931865244,-0.5622403037548513
i9z346Ut,-0.4588796893837123,0.10381083355690497,-0.7426076505562186,0.5209993692339178,0.4497446605189166
iNv6RoSO,-0.3681181704008865,-0.029767957940712964,-0.46564577697968035,-0.286717193381424,0.6044388354313628
iSqVc1r8,0.22618695209370168,0.2603962627827681,1.069445623539825,-0.5183334627760411,-0.5122763141391671
ihNz5bmx,-0.2948519191847772,-0.09772382797759246,-0.46722168126701447,0.12124168994351453,-0.29959944302493097
j06qdQ0V,-0.46497149126607434,-0.2634350408971901,-0.44292370553724425,-0.30940520099968116,0.038034149947055285
jVVHeYHT,-0.3776315697871712,-0.0350069589718201,0.24799779396568364,-0.5944798737731406,0.04800394446184189
jXm4ySvK,-0.3739364644355701,-0.022561083550552863,-0.09162415795977269,-0.26985264849186386,0.3930659177429761
juO5ii5l,-0.23927211045325184,0.10774140395111158,0.4697768780170909,-0.7297130892462307,-0.19557887270913737
k2hdEBsU,-0.46235820954000906,-0.2278093633739434,-0.28520050026602284,-0.6578913762995988,0.9558553784176096
k3ynMfhN,-0.07782326157794495,0.133488328340094,1.0946823334135125,-0.47436509648632985,0.29870130833126407
k9C9yBtr,-0.05640017214476412,-0.1936574195003396,0.13321237458315713,0.24516293900721725,-1.112365502006342
kT0miHPT,-0.5510660249250987,-0.3045352358507101,-0.4903477768089801,-0.6271938471108462,0.5333192457723115
kpxKSlnF,1.8480096694223902,0.27766481617833244,1.957495911531728,1.031586306968051,-0.45245881620025524
l1su5HU9,-0.42002609252289486,-0.09475508276669214,0.01425689298585242,-0.22475671979274447,0.06233137127657443
l8Tg2RvD,-0.3386208354808375,-0.007261948988651942,0.45052734450228193,-0.5409349827323523,0.081806772619237
lEcdVyKk,-0.411182896849967,-0.05362040342728597,-0.33666898122162414,-0.5380240652010542,1.1288562657247216
lO9aggHW,-0.11969813883128982,-0.014854900074599484,0.10155335583109967,0.1547922563230927,-0.20006806701646612
lW3m9Vzu,-0.6043428731468237,-0.2967469139414406,-0.6141736222222588,-0.29434516282021306,-0.4482070781383953
lcOnCdZi,0.015072163928811923,0.05210243115155071,0.8224029598623862,-0.5227848598385225,-0.4739064419197739
le9YGwON,-0.28288996945262995,-0.11969947039103329,0.2580042692317821,-0.018244281702830656,-0.41991146873241364
m9IQdmwa,-0.4756120596134446,-0.1602058701717587,-0.6227885241796178,-0.6687451009404225,0.7220135883807179
mG9BRy5x,-0.4512018213306295,-0.21824775177357436,-0.07293768329234543,-0.33706796195758726,-0.21092486309261055
mVHXnama,-0.3388967047119915,-0.3219272435525607,-0.8365672832478073,-0.4203612588390101,-0.5231166719246336
mXyrR6nU,-0.3983769568117799,-0.25302666774314186,-0.43253187293775075,-0.35934907148310513,0.08208382072613565
mntH7g3L,0.19894807440639542,0.24182538608403498,1.0399466437207452,-0.6052267510733917,-0.3941668618066974
msRTXP3H,-0.35234235829302707,-0.10030698463424106,-0.17704610197991016,-0.12903210565349194,0.14106673563691458
nhttf7VM,-0.03511896937380126,0.23987656529614382,0.620226940117837,-0.021559462746018387,-0.26544079276258764
nwkIpzmh,0.2791473225593758,-0.08673396107886991,0.7625115745364214,-0.12232494424878454,-0.6664841741836087
nzB1R9Zg,0.26931330223061717,0.0917694302643454,0.9242220425857394,-0.6934192827904397,-0.12557242929964002
oDmycTPH,-0.37210931145500387,-0.25154026541832364,-0.42743897949827203,-0.5664552080807679,0.9809782479693439
oFAXZvQv,-0.5790045485171907,-0.18418974113282074,-0.5991918800844135,-0.23505998902087022,-0.24470614263653184
oHE3M1zX,-0.10779071032887153,-0.051325920079490675,-0.35497075472769557,0.6229270481427569,-0.2543602741532562
ob5Kb6dW,-0.4238502899266441,-0.05497303631257136,-0.4751313833534321,-0.5517781699090101,1.1686086421639053
oncLcgRP,-0.5336105276790551,-0.2483270407299472,-0.8396410086145067,-0.17216526387325226,-0.06574887126301349
ooWVYaAe,-0.3753568933309424,-0.35506823832169726,-1.2706272505504297,0.5183889503009923,-1.063407324347316
osdyOUnV,-0.340193997494161,0.10326403189633084,-0.8967421499875687,0.36463406181992936,0.14525799087598212
p7H9CzCv,-0.11750026396584362,-0.09440817339288882,-0.5252333345250287,0.5129994944406405,-0.7924242183960619
p7U9hVhY,-0.38411040500581967,-0.10096321295791534,-0.25069974218075597,-0.5299361289889386,0.9194908034206406
pI7qzotI,-0.03423133254602414,-0.09854280534920273,-0.005003432306987576,0.3245120121176425,-0.6413026927469447
pXne2CLZ,-0.4487403595958594,-0.483622724115945,-1.0823224022011773,1.3855816854657892,-1.1909309615478318
pgj7aAFP,-0.46110498768429814,-0.3022570578810768,-0.11352739411103868,-0.39444569486567094,0.6393446782601007
q36Npk6l,-0.39151095631422206,-0.19330756108213987,-0.7321367806873075,-0.5117377634050174,0.5430823496616273
q4aDOVvq,0.3947137767212548,-0.2214521714680862,0.4883037023071618,0.1976511275038664,-0.8756317782322742
qGmfR9CN,-0.2560047062757088,-0.21658084976632458,-0.5227367694000977,0.38314027703281733,-0.4649474741177529
qJ51ODpA,-0.4809574243438332,-0.12332868622157217,-1.3481741351042562,0.4577205153635109,-0.1483569572229993
qXeIxPb8,-0.4068660935312757,-0.1018423851514937,-0.23026314239174722,-0.5278363687533224,0.9649687704322156
qYQ4MShM,0.03355940432514085,-0.1700237541204354,0.01874622994993616,0.346269768390386,-1.178974378128851
qa0etnhK,-0.04291123687686784,-0.24209868306140478,0.391913837234374,0.11255481467335382,-0.9806029035489776
qbYrsWHq,0.6540942095874402,0.11612861934860304,1.4100554547030235,0.024839314324190453,-0.25268519344618984
r9HxnQDg,-0.2329612207297579,0.026824424046856324,0.4062568235922446,-0.2685745879122472,0.3206770372238843
rG8Puuf9,0.940568510932069,-0.025304993196944223,0.9800217856505554,0.4879632693882592,-0.7114586357657156
rJ19OhGP,-0.37767275527428296,0.010344855441155418,-0.4148930470391524,-0.5342421233452368,1.257962853011077
rQJaOPFI,-0.32546056769556764,-0.2684553036910227,0.12724045403953874,-0.3823350870648704,-0.24638000263012744
rQhZtZeh,-0.19970987363708068,0.07129780888364008,0.5806734217190734,-0.6016297450921458,0.8016791258919531
rgzfnPVu,-0.262835414580378,-0.10285489036415585,0.5092405834968745,-0.6308304620442383,-0.2833788124983903
rrs22coX,-0.2667630402298097,-0.09320395865218073,0.21735773778354253,-0.4438698015965228,1.4458669100865364
sEeUCQLc,-0.5255437679908623,-0.11911174770171858,-0.5386742663983997,-0.396387765190955,0.5255567863578501
sNK2TSs3,-0.24702244035414947,-0.08190365254879754,0.20811564096018745,-0.4437103683382715,1.1795024524775297
sPbRcPjC,-0.09182744147324215,-0.11806191664237174,0.21387723063881722,0.3264701117968143,-0.6285520668875406
scVUfTKI,-0.09815321747380246,-0.17601884286399128,-0.20084757082571708,0.9912368271956083,-0.5361966468704131
seRaGeVv,-0.3987376406955286,-0.13823472843860599,-0.13629921873640208,-0.24332688984692408,-0.18049701815825464
sjmLHcT6,-0.4871341772708372,-0.2995659685420941,-0.32895654287319354,-0.5106739439608299,-0.025033372064761195
skZUZZGS,-0.4301151966346378,-0.23413238431441155,-0.030103972275596247,-0.4215897090596614,-0.14582493404539043
suAmzADX,-0.16587484233054825,-0.128116109753052,-0.9376889592424108,2.464719579342123,-1.1590394262939157
t4GWLqlO,0.4362432599998398,-0.1403968216801431,1.1738070362548807,-0.5789834552681741,-0.3908932616862893
tXUWm0hp,-0.37350873948885405,-0.1928965919901316,-0.5615235109834191,0.4517144396892418,-0.3679510358290708
te6UPPxf,-0.520104179729621,-0.272528679493662,-0.7426465495995731,-0.15665832842458438,-0.44470884857560794
ti2lamkL,0.11456741108037052,-0.07033446854112883,0.5403201477797551,-0.39279987659813576,-0.6054996138137076
ttdB5C73,-0.2845644537411712,-0.16311079682580937,0.007221277953240818,-0.27796360099651496,-0.2507805531406356
tx68W34H,-0.4739881317931186,-0.24046097758128027,-1.1553558046987684,1.0089684675386374,-0.7182459292534906
uLZAEXMG,2.10029751575798,-0.14798607387115043,1.8963781748093265,0.45248533660571993,-1.119702113812782
uMwe1s7I,-0.5366756793318683,-0.4355966803459589,-0.9143610221085765,1.078889248694168,-1.043032955770296
ulV6kuhB,-0.31588554908086597,-0.10331305501819554,-0.03117687148648962,-0.5312538944576659,0.9490479184869425
uohEnNEK,-0.4565206040303606,-0.43800723108202844,-1.3528135253362175,0.8161879893533571,-1.1780736157271614
v8vOaaWq,-0.4924559617249182,-0.0882688907713168,-0.953832513847993,0.10741639766648742,0.2646238603813972
vfZGBUJm,-0.30110466722901924,-0.24764699834926762,-0.22214045526065146,-0.12014011131045965,-0.3442884737996919
vlooVUoT,-0.08521478882294009,0.05570174396552573,-0.3043083695406659,0.40898279608848526,-0.4993035068185547
vrACvd4O,-0.42442977290217093,-0.36608842253307455,-0.5393600289297229,-0.12273735875184744,-0.7187098697203289
w8hdjLwb,-0.4571749806885585,-0.11161301412696571,0.26109553588571344,-0.6023917318984171,0.3074942710562381
wAntv4gH,0.21078805452143382,0.2435126374119539,1.30314903593526,-0.5638454495429561,0.14351070332753296
wPhjhCJQ,-0.38904427527558266,-3.3346408354978374e-05,-0.4669496111665251,-0.5737253548512772,1.4375725035453524
wQSWWmYB,-0.23665584399137457,-0.29561881861934325,-0.01996127870469888,-0.3176554635730091,-0.21994106711355205
wdIMrXwy,1.5884525866931931,0.14540941307245686,2.5373444766085376,-0.4488558804169742,-0.5217192190528028
wtdBcU3U,-0.38283622722536215,-0.22964110217809908,-0.8020209167312161,-0.28430793418603173,-0.2930561750334851
wuKXVxOc,-0.420917667467746,0.019920659005208632,-0.7868467420413159,-0.18335363851723652,0.8937503657413794
x6GCk4EV,-0.35529716162266745,-0.1324835258776594,-0.10597876264612346,-0.5782647379368937,0.9794746400071503
x6lUi3vf,-0.011624546434340653,-0.31728135470268803,-0.1530459903983217,0.9149241894754823,-1.075646755056217
x8mwDHv9,-0.46703138221642954,-0.19570659416733627,-0.5215778524913646,-0.48733374171203403,0.2398640209194042
xIYm6puH,0.8173239573945517,-0.0245182335315534,0.5468487185467253,0.8255887581675723,-1.1454232646569065
xrggHziO,-0.21114154606368665,-0.17079445026542953,0.34567186503215297,-0.31788951793337095,-0.3122463856443441
ydC9UsSm,-0.4762631811754187,-0.01831364717461524,-1.0815142669363023,0.31828702367521344,0.24369521157263677
ydEG4VBd,-0.43724400763390425,-0.2170928199351469,-0.5312521200718294,-0.2800776440763332,-0.2996204004162279
yf76yWXc,0.07739513909102577,0.17279257219773375,1.0077756219990595,-0.43915139629154154,-0.47908828406677223
zFLkOE0e,0.0656574862295157,-0.12844292699641102,0.2687076570961977,0.5138701074835463,-0.845722066666299
zN925UV3,-0.2839548375651091,-0.20737257852214963,-0.48009078482422174,0.41798311129016846,-0.6614683902165204
zVFzAutw,-0.3755226094479225,-0.21565770746454477,0.019912709265589384,-0.3298925433036357,0.3658005603561474
zYxNAkht,-0.45974023269248454,-0.28504528007302143,-0.5349445665667439,-0.5874079601686016,0.4597698457261675
zaWDBai3,-0.3949168531473389,0.1439114372183221,-0.25959240177642934,-0.07085403607670165,1.2508625608431696
zlwLfdsS,-0.5806330621955715,-0.40688185040656627,-1.2239032052995567,2.362342273911197,-0.9648644248948934
zmbKzVfl,-0.3158869638819262,-0.02969991660477883,-1.015362657754282,0.2946942072342661,0.004533568341091643
09gt9UK5,-0.5992979960385443,-0.26675700720648343,-0.8338913391983052,-0.6145928524004179,0.10053722889030246
0BVvxJ6a,0.13209098977716022,-0.2152585600098703,0.35730246190959075,-0.21897379901736175,-0.7277523957202493
0PcIsF9z,-0.5574153936922264,-0.1788166301449249,-1.4379123899221735,-0.2075547144287902,0.030370384120157176
0XZh9jka,-0.3864016335792441,-0.16744491392831762,-0.6713526916354065,1.1638213968332032,-1.138328872991833
0lNiZicC,-0.34579095589148606,-0.2778727671524257,-0.8615763647831958,-0.4648448827261214,-0.7327637891237572
0ukt4aP6,0.23276489293716968,-0.16078204031846619,0.8588073378171988,-0.567255762751247,-0.6141739194997212
1AGspb8f,-0.5456781114387965,-0.35884245011878546,-1.1230430173050667,0.3053853276645266,-0.9669957050183348
1PPbaTwt,-0.2369335243015278,-0.26573951142609065,-0.07653110232761756,-0.5127772372977311,-0.4258726744990639
1qDZNvIm,-0.39010241403720564,-0.16874444160822635,-0.28118842781663433,-0.7220406851338015,1.236913931314818
2Fy2uHVg,-0.5091885589019634,-0.2711052397955186,-0.625485512061031,-0.6774563667467702,-0.3983659742000002
2NDGWEOe,0.6010490079989883,0.04161325833497512,1.6135793657201938,-0.5606121031278196,-0.5474959669014577
2QcbdrUZ,-0.430901327920215,-0.15944825348337363,-0.20160407057652824,-0.6685151347324089,0.23454094037232026
2cx85d9H,-0.010784958439780057,-0.30940960725886946,-0.00011336243524801004,-0.062283202786453565,-0.9071618535996866
36r8sgGQ,-0.4084426389757198,-0.22198915579509165,-0.14512565558126728,-0.6810411879020658,1.1040657501168922
3NXAXCl3,-0.4829890240955684,-0.429557985139827,-1.1028278696823208,0.573273984511369,-1.3046748733785387
3QG0z6fl,-0.3897858303183786,-0.31059653922598063,-0.5307174678300799,-0.4400993791317139,-0.34997431596185047
3fRLm8f5,-0.5533195159336557,-0.08720968555113426,-1.0767337293372052,-0.24744851369719828,0.522112054408568
3pikJXRL,-0.47002923724957196,-0.3991277236878751,-1.150073535675031,0.16205909275723068,-1.1765416796970203
3pxOEGHL,-0.4575317231958232,-0.24377694042738707,-0.3525239704563999,-0.7120684467701233,0.9571413480169703
3v4X6Mfe,0.5984227111851493,-0.11297230234602643,1.655309100450301,-0.676150590213647,-0.2957268171687342
43EfrxZj,-0.0668560277183608,-0.19747511431853035,-0.02556924618282136,0.3525269643206103,-0.6548776029430018
47TwNsVC,-0.5880871230847415,-0.4614867273309343,-1.2161798768706136,1.7944495034737786,-1.3577376543433333
49856RpO,-0.4258278644390279,-0.26347367376922015,-1.0515544911657049,-0.3144747600177489,-0.6344761448823392
4o5jwMj8,-0.36287934909348035,-0.19653192636788855,-0.3036168669885562,-0.49687656347927184,0.519228820971215
4vPgpl2c,-0.46472639920392794,-0.3171959941712603,-0.591463761220095,-0.5094835087609352,-0.08411242976441381
51r9aA0d,-0.3699266460051302,-0.30076842151146566,-0.7334026297070191,-0.434427328482252,-0.7876475772484562
58SmeRoP,-0.1450025402785302,-0.1916626446645263,-0.42067883779350007,0.09898884077304297,-0.385013702270023
5MBZW7fx,-0.1492819738762718,-0.15731099978015015,0.605464259327714,-0.44495197039922746,-0.6493984405465705
5RmwFFK3,0.6322287505773647,-0.1369480995582312,0.6415356981275309,0.165965512197139,-1.0364874495676082
5YEolkev,-0.4495681959748657,-0.3562494415454419,-0.437003533471214,-0.4753768761065483,-0.5823675510638652
5eSvmqYm,-0.5189702309963258,-0.27771681638734547,-0.3499555724883086,-0.6844715130865727,-0.6126140295695466
5hkN8fiv,-0.41042296669105943,-0.2949510015076702,-1.3849751420652923,0.4870041286450055,-0.8886793244595868
5paniGaU,-0.4493499318342033,-0.20323282854967872,-0.7596462893800233,-0.8086457921073787,1.78114840320157
5vsr7ZUP,0.22069186878409897,-0.3528015864432895,0.6071471132719755,-0.4548867637149964,-0.6107702654171694
6CuGYjT5,2.020877096759146,-0.2675492060718499,1.427176900487674,0.6489633449068402,-1.2276249391570635
6DGH8ujZ,-0.5670574179362742,-0.25237873698573976,-1.6897213353764418,0.04720776447951995,-0.5746840501693923
6WJbkH8U,0.9175632490090366,-0.19434383564007582,1.6229624437742278,-0.47603327446992655,-0.6783866069230573
6eUWsVzw,0.11755524207556661,-0.33223236363273845,0.4911825237920328,-0.3648446913660754,-0.8406421547297642
6jT0AyHe,-0.06602314601871134,-0.3142682298238264,-0.05456232629037555,0.24179220211784996,-0.8690551994975332
6sGqObX4,-0.4608852791296096,-0.40303815425822276,-0.5499218479787229,-0.46860171198959205,-0.8768096512892302
7BZ4LxP8,-0.04428775784875477,-0.35749767721448367,0.232825446312468,-0.1962000606911382,-0.8923753037299315
7CmigXKi,-0.37048607731750666,-0.25675552287538794,-0.5688868055168272,-0.6156943335855877,-0.5976217210554642
7aF7nnwn,-0.4661981312732944,-0.2991699726582975,-0.42284201771120594,-0.6632721286229943,0.36887946146432227
7asGzfX9,-0.2733118589335855,-0.24362537825055824,0.038860251584873634,-0.26484468490301577,-0.12217120811377373
7ey0v7ma,-0.4476915873032727,-0.46207393238827166,-0.8548277160920534,0.4031446858076028,-1.3646992404376213
7gqR3GoA,-0.45332893113267175,-0.30907507090975994,-0.4628495707114675,-0.48796206238136036,0.10214409903716802
7zNjpCzu,-0.48516898081645893,-0.26387915272452034,-0.49267391461012255,-0.4213886723851386,-0.7504332153855365
8NlzDcWe,-0.4160408132512337,-0.30423512597763314,-0.8336534188722196,-0.490474847848867,-0.4616186424465801
8QAejdLW,-0.10145231684488942,-0.22135921583781995,-0.17933186974273058,-0.011306735951994343,-1.0273064705378132
8RDeFxWM,-0.3730755230648641,-0.22514687518549903,-0.3241569260154937,-0.7087731522523688,1.1639059802859293
8UXP2NBS,-0.4197787390255971,-0.2766941820384323,-0.3827692701154868,-0.5543744854962559,-0.2770959934756898
8ZoV3KGT,-0.03618964244871514,-0.3360521957664313,0.11274367098984245,-0.19886451847871195,-0.6423224651801938
8ajs2uG8,-0.4385357692368362,-0.30047715561669275,-0.7818760939555063,-0.21600234583503164,-0.7765391704210117
8yMDVMRM,-0.5194409839006937,-0.2758762007079546,-1.2103549536336717,-0.4954376146682274,-0.5985770645294785
9DcTz2Ua,2.227804717315237,-0.2036331373110143,1.9778751413371158,0.5848220016902324,-1.0743540001642233
9G7nfUrK,-0.26345742416708046,-0.26678020998045376,0.11102597558881058,-0.48759054505630145,0.27787142725108743
9O6GZ1HT,0.1907117213822886,-0.07628783420924387,1.1354301224903547,-0.5924250117100931,-0.543040340867329
9iQwmFJR,-0.34493487176745435,-0.288834485993513,-0.1898832934894606,-0.5004094424928236,-0.6385887468814864
A3Mt6SAQ,0.8359826100843799,0.09035434399639533,2.062523216253042,-0.9653997007000118,0.6494524370357336
AaFvEoHq,-0.2106622924979909,-0.051262939975309146,0.4357315929008975,-0.7703038291392628,0.9715192323912909
AiIPD6hX,-0.38149954908564493,-0.31596775468491156,-0.6385753906716292,0.4118669766664269,-0.8343773010946718
AxEhbkCM,-0.3628651759636698,-0.2946963028692585,-0.9403889490249175,-0.689572436739767,-0.7069214826101514
B7VPkIpx,-0.4006659684295559,-0.1517005898018998,0.43965703673330564,-0.722305286353164,0.015312049284741211
BMyps8hr,-0.2590834594689619,-0.33465464234202014,-0.2642069754972653,-0.07813920865341585,-0.9157079488655272
C5UPCZcL,2.1233724272707293,-0.26415867543825,1.5989890887100477,1.069289692243299,-1.2502453624771017
C5gIfQbJ,-0.6188279975614199,-0.4269783932754606,-1.4660095966453275,1.0086509960670598,-1.2563496861856414
CDRuu4Pn,-0.4288443733938188,-0.2798013716165804,-0.25059011011528726,-0.8042013702705395,1.1816566648095668
CQhTYkqE,0.18454186442002962,-0.22452688041139077,0.4354797891354098,0.03429236244551363,-1.0810612333287697
ChQdtl4J,-0.4818290746579528,-0.1869592580135016,-0.10777481747927238,-0.5906798668959126,-0.1870143287297905
ChnD1nrN,-0.39646219636290086,-0.2893242211358312,-0.8323941474186789,-0.45997899337285825,-0.736549163847109
Cxk06b77,-0.1799193865673973,0.001269165525521948,0.34733244328494894,-0.18196362029025726,-0.2867476992857454
DMkIV4oL,-0.46491502622354913,-0.2287137980639682,-0.5330235010131801,-0.7090864043249095,0.9585101027903442
DoZxo6f6,-0.37752993664016793,-0.25621249814597447,-0.36622720444015994,-0.5255279517734049,0.20285545176122505
DvhBPGIk,-0.5564748813562264,-0.35031038162350914,-0.6723792043830832,-0.5044346290191629,-0.15581196791019153
Dx7GoUcT,-0.3870910311370381,-0.18698436302964808,-0.4404996625549938,-0.6678185010216612,0.9621876637108558
EDEpAzh1,-0.49952868281728907,-0.29222142983370714,-0.6479813254444711,-0.6407866238701051,-0.5568560637167717
ETGudkQt,-0.26659682200765666,-0.1784287150970422,0.0990450191967252,-0.371370360795764,0.07927857693737426
EUleKrLJ,1.7265366639661246,-0.1131925749508878,1.689771808156139,0.5104333896611994,-0.8054592388970928
Ehw2Jz6s,-0.3807679250464791,-0.27659022991802695,-0.3027988277602293,-0.4370564313219936,-0.27814087154628253
EjqzC4zH,-0.40381339405348,-0.17716763165487623,0.28009403240382647,-0.7933086071998044,-0.20660793258915866
EkMZO3Qj,-0.3732774173672814,-0.22797540582526263,0.05133855954728883,-0.4821820861071325,0.4240766484578072
EnoNXWvU,0.24509478871245044,-0.024640418174255246,1.1811872678988822,-0.7036759665750659,-0.16007324781061028
F3MIZj76,-0.36252567909386163,-0.26651823003334973,-0.9493400701600836,-0.08738632124564012,-0.39566332820735645
FLhxBGMK,0.08817101524187215,-0.14995481498739988,0.06361424419873146,0.01120109097928891,-1.3665051361402567
FRreR8ka,-0.452893446597686,-0.202505846670387,-0.2073672180310865,-0.48457733490151916,-0.13305985253262947
FXne4oAV,0.1782906047982004,-0.06213959804958377,0.7318735158824148,-0.40166099080839573,-0.6057057930839805
FaW764jk,-0.1872833859192901,0.007821206367062988,0.34452779542336986,-0.3127709608777566,0.012346259726372807
FeAbMXly,-0.5356634358822334,-0.2186180674825673,-0.7541394743370895,-0.6505991812435971,0.9577019960787239
FeudaFXn,1.6398598702363045,-0.27620893341199393,1.361515918534876,-0.08347590201730777,-1.0334947551927998
FldUmFeM,1.216551844257392,-0.120011263239414,1.7311945584154906,-0.36655223304143836,-0.2737592454275365
G7JGUdNf,-0.05838059352520181,-0.3560501444970706,0.07522890602633187,-0.14944445219374797,-0.9536912902918283
GE0vbpVQ,-0.3031128947527853,-0.21438032540882326,0.3378425582674394,-0.6096076341103668,-0.01634116799201253
GN0DfOqt,-0.2640976407759184,-0.312644464723515,0.06733943203618858,-0.49421244884924004,0.23190040212857788
GNsTAb1v,-0.5910098877689052,-0.32506442153983184,-0.8981085776751216,-0.1924904125741052,-1.0266383289458834
GQYpfLoh,0.7535827557205939,-0.1726649973006689,0.393138525619876,0.4321009431821849,-1.130809132101548
GR9knT8n,-0.4719475187445579,-0.24249099865083004,-1.5105278967344327,0.4977848572805559,-0.65160861460671
GYvzvvFD,-0.3897931265795997,-0.17931182830368422,-1.050191662808784,-0.16348412832684944,0.006266326658467589
GemPjTJ9,-0.2883183183726927,-0.16556524546982496,-0.5756162913266848,0.00017074945080623738,-0.19594425271014848
GkLYRm1K,1.6796777477631037,-0.179640811711413,1.9667649716047388,-0.37437625464585517,-1.0114810016091433
GmlqP8eI,-0.40637480166623446,-0.30762659159566624,-0.9979990830519216,-0.8844794179149843,-0.7254922761598056
H4dHpJjU,1.6260807552526715,-0.10798388961944924,1.649571347869109,0.7019958009801033,-0.903946704672238
H5QwJCuU,1.362792677362433,0.24959114308244593,1.7318746039093267,0.3831879174547831,-0.6587053669686608
H5uwmSZ0,-0.3918279225363848,-0.21774641513106777,-0.23488024495738982,-0.552707149028297,0.5996306670812248
H8MtbVoL,-0.16722338036161916,-0.16893727956838775,-0.28908416154092575,-0.2287018093102791,-0.7629778013362389
HHYmmHVk,-0.4107480735778813,-0.24347227063356697,-0.31778099877546667,-0.7976877070134848,1.5072921984930443
HJ5U4uqL,-0.5325326967052364,-0.25959648787487083,-1.2021948536298603,-0.38025092700251695,-0.48443713373652636
HNQxYc4w,-0.38636162679877634,-0.2866959050100699,-0.33999947355902355,-0.568539892849337,0.24892244014416165
HSCMx0MC,-0.35713127596750976,-0.21660046614612288,-0.5148753841336824,-0.6791982051945056,0.9466649395034744
HXYuE0fx,1.8478221144709523,-0.2259796605257834,1.7473981308609414,0.4414435012741715,-1.0839407890571302
HdKcxEWr,-0.06796671514820724,0.08314274579515793,0.2976503078560068,0.07038286828649469,-0.14429677217010922
HecW1iCC,-0.6732528929073327,-0.3773272041810891,-0.7582001457418448,-0.589561677932323,-1.0059934867719114
I5P2uquT,-0.308696199861523,-0.28917213230306693,-0.10049423395004164,-0.4273177404440304,-0.7740281862580327
I94qkDM7,-0.3461366727685808,-0.11174893017026755,-0.9731895405242712,-0.25738211719916426,0.21886108118749475
IFxgw6ZX,-0.5135054920797262,-0.3256583928197966,-0.393415612971243,-0.4794621678361018,-0.4295891393270295
IPPPSyoU,-0.5573586720172352,-0.3525880573655674,-0.9988379957618057,-0.07154467007829231,-0.6530361495283658
IQOYQubU,1.35629865397327,-0.20609793141924948,1.4000020936156268,0.4323031209240547,-0.9322808077609648
IbVwu1t6,-0.5364155059698128,-0.2862878904413283,-1.4138158631384046,-0.145146711502824,-0.49485166752116344
IpW80wVB,-0.39241629748401413,-0.2761416258670605,-0.8936694329353796,-0.3009169773272232,-0.07741274910239206
J8fpSwS0,-0.26287560126525805,-0.10656321643219183,0.23413218677238806,-0.8376410534969428,1.1232949745460883
JEE4QVeQ,-0.13715349361639212,-0.371404059002005,-0.18359011431180045,-0.3930267598005838,-0.875675736720581
JSsVriP2,0.24915162641546248,-0.2933055078572193,0.8450693441159123,-0.748312852896622,-0.40394308104659915
JZbrRtm2,0.37608725665747145,-0.0803556530304694,1.333112667001091,-0.7328897282984982,-0.2769909837734175
K17pG2mG,-0.09533521076099805,-0.2872649408791122,0.23212277669856007,-0.720176174337496,0.6985956053382211
K8BellUe,-0.09177046248152482,-0.44393080874165014,0.23514014465372207,-0.0852073789855491,-1.1196033493708073
KJ2eH6rr,-0.057727777596161656,-0.2880034417012629,0.15022629900085815,0.20940816845312105,-1.184878899311778
KJEJ6Glk,0.5149462252870765,-0.17939556417995792,0.30789136486795354,1.1274656856020409,-1.2194544414524557
KYiJqBuJ,-0.0003928863535565541,-0.39172204012985645,0.4367397548236141,-0.5290113722355122,-0.7670676062880307
KmbAyTcE,-0.33251646233289295,-0.22603084597136544,-0.03001063542124377,-0.2793764774308364,-0.18842908589909607
Ku27g63R,2.0294265627214627,-0.03431778881894029,2.168852447532846,0.49590751474149974,-1.04225318803305
L91hYVQl,-0.4708680017649635,-0.2916632355113948,-0.7938043018241883,-0.5300377149974028,-0.642859352966377
LJoUNXSx,-0.578773233441596,-0.27482341553701606,-1.7808486002550918,0.01723649822393407,-0.8157799358954133
LLtSiyWD,-0.5774962573541311,-0.3311514741105741,-0.8399135507044733,-0.6856588447443385,0.1146693868136651
LQJtV8kn,0.01751234591013434,-0.2491118116866197,0.2003064963335554,-0.08629462922017324,-0.9874549309885755
LaUWSq9B,-0.07262837951553142,-0.33100249510770563,0.2059645783089441,-0.04562345524165358,-1.0695635942970814
LuGiGeWN,-0.2806707471401629,-0.11845502905051505,-0.8096653546130221,-0.13422405788191621,0.27133934969160944
MDpe2zuy,-0.5517680719922133,-0.25332424531969233,-0.7344901205042256,-0.4233688529528597,-0.625042753972921
MYU7WDis,-0.4033664029765171,-0.09301201907059578,0.35923755062532625,-0.8691743423651727,0.1881629463868812
MZFqh6yw,1.5256881229356771,-0.03960572838097251,1.7602992708454661,0.09034797036434132,-0.24427138459338765
Mqk7MFBM,-0.3341126014308932,-0.20784508858075987,0.3773764185452908,-0.5426706886630479,0.5467173698691121
N46PbpPM,-0.3704393254587755,-0.2699042254040193,0.010397945593096175,-0.7245341029538213,1.9178473091655293
N5S5F9Gk,-0.38921636327556436,-0.07447049151477217,-1.152234641648754,-0.1530600119820436,0.4468973352383905
NOho2ZiM,1.852522330251129,-0.19723170545077914,1.94983155106801,0.5571973845942706,-1.079288260086917
NZLXROKC,0.08440178438635526,-0.1602366531057081,0.24238361839645312,0.11185740844000051,-0.7368560374658054
NmQoI7x0,1.4783876195847117,-0.031534187639314065,2.1408318216552895,-0.19879237195076732,-0.495429462135147
NouMwhOf,-0.2515391431930914,-0.3648474139481366,-0.10700239121591493,-0.10597308332157408,-0.8648169930472659
O6YAWd8C,-0.02174400047882391,-0.3022952009140417,-0.009657184750922976,-0.04521639297165443,-1.0416543253451986
OAXVphSh,1.1410761220787236,-0.11880689610921599,1.4661460855465906,0.05758892219066962,-0.6072866034106047
OSIQXImL,0.33739318577054794,-0.21673703561092025,0.8802641234656758,0.0698185186086062,-1.1154402046821459
OUUFc5Zz,-0.37279565875276427,-0.25274364405242844,-0.28721171773199383,-0.6151342965609409,0.5958707362225513
OXdRxjzz,-0.3630735013311614,-0.3467794536506972,-1.0854359949915597,0.1450543430801295,-0.9042566783840954
OXxW2ekf,-0.4829970136134814,-0.4336026277568159,-0.2801457227074272,-0.6787477123029789,0.03704493731490012
PAPHErnv,-0.5686241350678123,-0.2884233092604511,-1.5648624865954381,-0.1581002450019129,-0.5807563074326868
PZGpoBBj,1.6554763694989736,-0.15903965197646203,2.083803139914885,-0.38095975336490084,-0.9251621108607876
Pc2RrxXS,-0.5018152021706468,-0.3912984656791645,-0.7389000609681149,-0.38609724492641223,-0.7381454775107814
PcHQ4FOu,-0.45723721323403416,-0.18074139625752983,-0.6116238422844646,-0.43879025544592204,-0.40363352105225003
PmUNeV2O,-0.3878958232290473,-0.30913010824046516,-0.8418634444959685,-0.570589197835515,-0.3694166581944299
QBGxCvdM,-0.15398105433150977,-0.28685415159620886,-0.008767349239128752,-0.3207317657387854,-0.8976292822466412
QCEPyu6L,-0.5601059513572453,-0.3288722798113781,-0.9005076653067565,0.1435910863943639,-0.6586195039075112
QEfwec4s,2.4511904295343436,-0.03138798484398711,2.052171139544799,1.601470928619393,-0.9564422725222498
QZ87Nnr3,-0.44549659088410104,-0.19276242010105468,-0.06663310926284755,-0.6185283556263371,0.40739774458015016
QlyGN9jv,-0.46944845598753265,-0.20722889781602755,-0.31107178888957465,-0.42093897480901726,0.6748874641236551
QrjjBpZd,-0.5283041518344787,-0.3699277164806901,-1.3573849184491744,0.7860071856488876,-1.1378697749010378
QtBKJuZk,-0.361387279160756,-0.26749744904497297,-0.20686054056227615,-0.4903491927119274,-0.2912384782081498
QtPRO8OJ,-0.5370748196543165,-0.29837472805778764,-0.8602405149544003,-0.5937425520170779,0.06290583128191744
R8XcsFnp,-0.22230178207763907,-0.03824029687327124,-0.3011505883161622,-0.5824474073368261,1.101680260871022
RTcbiDGq,-0.5980372118203043,-0.37784945467618053,-0.9943256278824173,-0.5040561214739662,-0.4276650556932553
RVidM9g0,0.05094381559421676,0.04311365167490214,0.9555022670426687,-0.8762907958074546,0.9809251366147558
RfntsotG,-0.42485818766578237,-0.2172007211177927,-0.5005605890824245,-0.7368812894397583,0.9850593907967936
RiXMlzXD,-0.40934679413452596,-0.33853359488965196,-0.6672401590358854,-0.44512042839330784,-0.6092488576812489
S3PCzDzO,-0.31318530163220676,-0.16785539861424745,0.44554324759937497,-0.6908749410367344,-0.4022798991681997
SDdvtktF,-0.40871055255881356,-0.3025557339381265,-0.7779365488481147,-0.06087917270221278,-0.8638774811548036
T1Tlftr4,-0.15210650678703697,-0.024508900649005544,0.488428754299648,-0.7582964263673312,1.1326794356214056
T7ulR4ci,-0.35278228586254795,-0.2255145435511285,-0.019927259821128446,-0.6790761448569382,0.7032684366024755
TFZUskaK,-0.13797867793642743,-0.29505412084791516,0.061276105564864236,-0.30614452657357344,-1.131241856839396
TNL8HGWZ,-0.182649553792037,-0.2273446635692841,-0.2197381803111022,-0.2825982126736866,-0.8082909822876737
TZ8z1GSF,-0.45777740006269124,-0.28402683390251315,-0.8963624401807868,-0.3778486501504528,-0.40884645395090163
TqhRvkJJ,0.9226927120842079,-0.1834136866179956,1.5934259708433332,-0.5414447494267527,-0.5068529576717625
TwDq0lua,-0.07047060479905631,-0.320121366756416,-0.012036845539590446,-0.03580411626903919,-0.6990578011116517
U3yI6ZS5,2.3093383442064166,-0.1619981934193711,1.886724504779457,1.322378223196609,-1.1029234791830471
UCIAi1Aj,-0.349043069340138,-0.3691099113889067,-0.6864502191885506,-0.3680466207261978,-1.0618906446838485
UPbXGvCS,-0.09898627190068954,-0.3301691335087352,0.04520135201725878,-0.19934770406638797,-1.0465054346112246
UhucscY7,-0.3446665016470562,-0.29176974065377514,-0.686387048104258,-0.6068906567260393,-0.4292034799514883
Uri1SvHV,-0.09322108937087603,-0.295017956736106,-0.03577881743737493,-0.1591380672354062,-1.0158578116341865
VOREKsok,-0.3963315934455924,-0.14603946032419843,-0.827411856595919,-0.7443318701174821,1.7507708468653145
VRhTr5pX,-0.4277972138144113,-0.3862012248126505,-0.24383510872824246,-0.6788446985256132,0.3621829489940263
VueNCxYv,-0.3931573283201409,-0.299618182649356,-0.27994315848882906,-0.37091633537551555,0.2291401082204242
VxuQTRUl,-0.5142275651670039,-0.2352376230430397,-0.37368880704823937,-0.5072503314468405,-0.6430852682281644
WFyIrsUR,-0.6014305311102488,-0.46222706936529645,-0.9792723927215861,1.5421469883319465,-1.0546491200062555
WG6ZAsqR,-0.4757118205177652,-0.23627924382513354,-0.6068074671730368,-0.7867061098313242,1.2293605118196909
WMq3CZQk,-0.5054942778981291,-0.36433471622063696,-1.2719892672896935,0.9901769801528102,-1.2535129193904373
WRskmGjh,-0.49733036314148565,-0.24545574863827496,-0.6761672638833127,-0.4623813169878784,-0.43311873635653375
WXijSglj,-0.478353542358773,-0.2782230136070305,-1.15986928584261,-0.3447093009906957,-0.717283331841091
Wc0stQgu,-0.3880363453366255,-0.3056581449327097,-1.4080039999192642,0.22982370743282882,-0.862132000362927
WewoSCUB,-0.4652247544765659,-0.30015115932643677,-0.7638561748671391,-0.5873118696299943,0.013343635768937517
WuHuhHWJ,-0.3732795278574705,-0.21273126138745593,-0.10131420483409315,-0.7443813637142199,0.9965119349112687
Wv7EBtZb,0.9348473293392383,0.012188391191978204,1.6787945215073972,0.028365659220669012,-0.7991994813125517
XQxhDRMG,-0.3597775370377861,-0.027728614299878496,-0.9568770675033256,-0.05688260062368293,0.49253045796464195
XjLNAwxW,-0.16862387141477764,-0.3065080496379975,-0.13405635184377468,0.1545278475847282,-1.1254566083967747
Xovczbf6,-0.4361389557588567,-0.17315635362474022,-0.7596819252873417,-0.7965082647771626,1.8581893940105219
YIJ87aME,-0.3971805353553565,-0.10080784248433075,-0.14595184009743167,-0.29936414570578407,-0.15762735575441955
YNebALR2,-0.3405202551077688,-0.17301471082072986,-0.9593939564921592,-0.21053919919364567,0.0745623730290823
Yb8OtMb2,0.02535965451466332,-0.29633671818525487,0.14579834962775878,-0.03246463810905105,-0.8694853924055692
Ycg4lTYw,-0.5048301116661065,-0.426685230254368,-1.0613758577123942,0.3369278180002559,-1.0266885020653973
YpzFvexy,-0.3369863970577171,-0.3195372167878747,-0.8113344983479702,-0.04515218604774136,-0.7905545225821555
ZHDVsoRh,-0.5251851955296172,-0.3531961034914174,-0.8478569241108274,-0.16391193409477134,-0.712036727040923
ZSmfu2Fc,-0.5547994023696254,-0.1351034493181478,-0.6325737219652257,-0.2196249727295661,0.3918934895934747
ZU8YXF3H,-0.44757839008566974,-0.2035038002952006,-0.5797683317281784,-0.7820841959394477,1.4927169482063682
ZXKaNy6Z,-0.5216433797861433,-0.3032121108498845,-0.6871600116686314,-0.49709532848793386,-0.5711675971267621
ZbYLo0zK,-0.2778413641212278,-0.29345160908046963,-0.2906433786165445,-0.5817719572366459,-0.6113635812713928
ZedN8Gcn,-0.5071387204054922,-0.39189399632016597,-0.8259447953331702,-0.3353110139260797,-0.7521160128861336
ZgD4Dau6,-0.25838680180120893,-0.3267774913858076,0.30199224494794547,-0.6202187119961592,-0.3621344067639466
ZtyqE7If,-0.33035569658924907,-0.28013032120494963,-0.20237204240519302,-0.09962950966406116,-0.6836263367920632
ZvUgz01f,-0.16100381351911547,-0.13210262525292962,0.48416327146770816,-0.7974987116858111,0.7768775317095087
a7bhJGBU,1.7214039739984963,-0.21863697481144667,1.3804410901488726,0.7387567274100636,-1.1560024077707198
aINzEBVN,-0.33011108327355815,-0.36897104385946056,-0.6958458885102714,-0.5159934174272668,-0.9201864768895386
aP9EtTGF,1.9681885250821265,-0.2510284526713574,2.1779367125325546,-0.09978563488845461,-0.9805531230713639
aV6EhtSL,-0.3676096153175736,-0.3139271055106778,-0.4633220617605836,-0.5603022364656747,-0.5424907159077754
aVZsXKoH,1.6784742695523494,-0.1807244987715151,2.0620667220272075,-0.35456672848551746,-0.8903542106102937
abCzN1zx,-0.5192290580360361,-0.3524939680433804,-1.3341694802904938,0.4911588901521103,-1.0962365762320763
ae7sMiB4,-0.24470113554140122,-0.13212482009379065,0.2005777427480287,-0.19073584719306907,-0.15989812212784277
aiwBQETI,-0.1308509365594579,-0.22761254657665855,-0.10337334359352279,-0.24488313196518097,-0.819213951449462
b5GirVGV,-0.48223401681808203,-0.30891233878991065,-0.6007229406872354,-0.7391138428768013,0.56314108944078
bAFs37yy,-0.39818043193234914,-0.21965122588769034,-0.20217773526745692,-0.6848947801311591,0.9805420290638258
bat8tcGs,-0.2564160848322175,-0.4823007110081291,-0.5609659158961218,0.39172310431738594,-1.283754737622174
bfjej4wu,-0.3997172209111192,-0.2977086811381937,-0.5160267788553163,-0.13364229991812088,-0.8202419106014835
c110Fdc8,-0.36720067028294173,-0.19960544576787262,-0.3135983467256246,-0.5375598255998876,0.6181079732316189
c32GUzMa,-0.30998216218464286,-0.03533503672188512,-0.8558980057094876,-0.07901791774641516,0.3034320408954677
cWXCiFwh,-0.36070181107709626,-0.35967387765383463,-0.6067696858248892,-0.49409599874315563,-0.8112725750851912
ceNvS3yd,-0.4663657235581982,-0.22510319536887044,-1.0991460286829122,-0.18777482447485055,0.020830642194096458
cn4EHsup,-0.39181906342011125,-0.2562945022205043,-1.0425961489467386,-0.024923127539493065,-0.37799882562911896
csPEJ1E5,-0.4119906190100741,-0.24262505253647243,-0.48659805789096783,-0.5921870632879779,-0.6281468591007704
d0UrRtMk,-0.41409490442678937,-0.2296117848283361,-0.4455621389671092,-0.794356904181069,1.4338622501208018
d74T1DVv,-0.4505200900005832,-0.31990728738784,-1.1702757801170687,1.2125868473184735,-1.1238293552931338
dUNxOoqg,-0.3959480118153362,-0.32356905293151106,-0.782853655886603,-0.08902832033801363,-0.6759872827590242
dUnlyhj7,0.27676166884893416,-0.10685768110230984,1.3575729951085045,-0.8579934683807865,-0.04093736377975189
dVDlnZQ6,-0.46268121165219706,-0.3759713763459722,-1.2034770834537087,-0.0291052286710531,-1.2675085204446708
de43ycXY,0.420946242820405,0.0028237893665914726,1.2928864192602247,-0.6994007912171382,-0.27366966664224013
dfIn7m9z,-0.6204663434115294,-0.34548284088522974,-0.9597016730812786,-0.37455128097935464,-0.2095394659521218
dhmb9ZY9,2.208532906057989,-0.17545338906858593,1.688796859421729,1.0329730309551197,-1.0544042430823073
dn8kCuyf,-0.4148678350686587,-0.2847922942068071,-0.3926487076673555,-0.5694505217774527,-0.4715622214744151
dqcbIMyr,-0.46317151798384454,-0.11569799684451496,-1.0697031212058699,-0.23569671340519116,-0.09788281334818906
dytx0HSe,-0.48223699698082195,-0.1835101890064169,-0.746224075430147,-0.7828735734624711,1.527653591012379
e9YorH4m,0.201478493480584,-0.2310849036501006,0.7133567686770672,-0.7650834080261921,-0.06786512425257694
eB9gVQ0R,-0.08463710256397022,-0.15878955391744767,0.1801323873601326,-0.38596412736415653,0.2664331795849616
eMhLFqU6,-0.34488324873225246,-0.15026521894431646,-0.904356257262575,-0.048207052288287214,0.10053905436971809
f4GA0te1,-0.414573617554946,-0.25156324618097814,-0.17381553854275908,-0.5988714907289631,0.5853772312215607
fEe7AWFA,-0.3168802687958106,-0.3844637473456719,-0.15347499567396866,0.18398308812272718,-1.0545983535500738
fTDXauuk,0.4855173397605081,-0.2110963778319865,1.0702039866102762,-0.5013620398846258,-0.7060889759105763
g3Fv0U4k,-0.4872456262597074,-0.3200331194434958,-1.2988653474435923,0.2908399147821426,-1.0275125467453226
g5PKo2E2,0.15071443435817616,-0.3250067888472682,0.5775842250866356,-0.3291180724575313,-0.5266141282334977
gbjnD5fe,-0.44713982972631244,-0.3445588958115321,-0.20056228133938292,-0.7810713486330155,0.6343841768110038
ge9zqXCv,-0.6637013303531811,-0.42745156722384325,-1.1640058384613678,1.1310824774930488,-1.2862831759996758
geeqJpSE,-0.38199715164141607,-0.2139881086000936,-0.1949669196117366,-0.6802159386370155,1.0143069604105983
grlUtS3H,-0.19416658966242656,-0.2849750005872096,-0.5452343052471869,0.338886115882127,-0.5719778990608663
gx965KYj,-0.30532523817687224,-0.3087342281745449,-0.5219551683716167,0.1504318393419008,-0.9098161882756349
h6FQG8Iy,-0.1502078999887984,-0.07536621648562575,0.27777134637879203,-0.4948116405558151,1.050704389871743
hf65yZkM,0.2969902657379371,-0.18559905207439478,0.3746340858884028,1.0866147417040206,-0.9854629390872608
hjuwe1x4,-0.22289900427072484,-0.21446859599299026,0.23284460037844668,-0.4563889082281802,0.1224918837356103
i1VxfxMb,-0.37246287850459464,-0.17602417409447507,-0.13124300899423902,-0.7871481583848144,1.03834282968565
i4FgPZv7,-0.2821395970097474,-0.16688940547445613,-0.07175185265240247,-0.5847102823015394,0.7319886976627044
iDOat4cZ,1.5677955733259519,-0.03737605287248577,2.0298233858661554,-0.1322074849418759,-0.9089386744369643
iSL9NYzy,2.547215150726828,-0.22050850030542668,1.924118388412328,1.7698799086827703,-1.2022997971349132
iYZMftt6,-0.6888147101321598,-0.3782944198827674,-0.7501321148164484,0.05806926381206483,-1.1562194143471
ieTPaa3c,-0.488553808023135,-0.2366053236055198,-1.109622392194675,-0.33864872612288016,-0.047018960819825165
if7BmzU0,-0.39390052265716163,-0.17378035492448257,-0.1644588983953768,-0.6715814247116864,1.2217557627859579
ikJXKdIN,-0.42642634116239647,-0.2880433185484323,-0.6632507674006616,-0.6553507346683315,0.2770577509146296
iq2kxikN,-0.16424491454988105,-0.2886392287039582,-0.2734491384319399,-0.26215136843503745,-0.9211980586523278
iuZEDJK7,-0.41247673425793735,-0.22840370563775514,-0.26423932180903487,-0.7014691653587898,0.9496032746671574
iyF8gVT7,-0.27077960374745585,-0.11115487960937875,-0.16484935683574733,-0.6896460408115538,1.006132297287331
j7hl8svO,-0.4005600396323798,-0.34074994761074884,-0.4889479159700966,0.10965991010711247,-1.2575305605733487
j8hMoJUN,-0.3581941483780314,-0.28002767869915957,-0.809746985009709,-0.5159423879507522,-0.4992497577511184
jNaFasbV,-0.5548489031164063,-0.31156953374187213,-1.3592628232964477,0.319109221092929,-0.7832067574494219
kAKRvcRo,-0.5142408179536706,-0.4188542394061685,-1.1970940577895874,0.36202025241975083,-1.2611918380646643
kBi3R2oC,-0.3517548853087376,-0.27235269245396543,0.06242588360968809,-0.28236373890362715,-0.33997994473024423
kDWmnsXe,-0.38699954414833476,-0.21362664344037666,-0.04058953624291992,-0.6312406955719089,-0.28980429818026476
kSGBd2Vh,-0.3840635165706267,-0.20201808971025056,-0.04019583986295148,-0.6443134275425108,1.0473991115570553
kaW0TfRn,-0.43356170584962056,-0.43400106253498383,-0.09090865323938042,-0.6264771094947736,0.11471438245938301
kmg3SowO,-0.4841070583737323,-0.2042914220532275,-1.3622277122833957,0.12249306501677958,-0.31334242974737186
ku2cn1MV,0.5471533122828574,-0.10197601360460254,1.409694524219291,-0.17472263977186753,-0.4378182838541927
lB6NsVOc,-0.3457323056090105,-0.2132470326361921,-0.31460804572753154,-0.7286193720935337,1.490602031278293
lH4TasGl,0.2633128650559955,-0.19563403283933103,1.0300872853929937,-0.5010375846809486,-0.6806620258336276
lYLseGDP,0.2317129282600212,-0.2710532625914702,0.4042806583268375,-0.4595849986503689,-0.4646202889064088
llMvu3TX,1.735968715485985,-0.018125604183318905,2.7537394395139665,-0.6762861920178033,-0.19687546581019616
lnHh2jFO,0.2702003608007063,-0.028764148863222788,1.3962825074115681,-0.7950427211438238,-0.14695647873101375
m07CVXd4,-0.23916264165247725,-0.21419103062469264,0.5846356391289829,-0.7288039163033984,1.4303734299447526
m1lPk91z,-0.32390368293447774,-0.21644412575105865,0.42262642474123807,-0.6909791370049027,1.0811820141822068
mbzNdxNc,-0.3900229183393275,-0.24928093994177367,-0.7227461513650559,0.048184398735752296,-0.34385088415509996
mxBjvIPR,-0.5294951919077893,-0.36021133568272834,-0.6945077114571572,-0.6474613148635868,0.19131031899260076
n8Opmfbz,1.283242732340668,-0.119864769420123,1.442539984339217,0.24398531888938296,-0.8329189478054296
nOkgU29Q,-0.19801008892883581,-0.21604827404580199,-0.49021811100302454,0.03623367749575189,-0.49448833909441775
njLbXYa3,-0.4434219391935154,-0.3649777032445898,-0.6939239690076571,-0.47582348017963355,-0.5042784707107962
o1rZRI84,-0.4449562321056954,-0.24008595970219146,-0.6425817717503641,-0.900533136062143,-0.3723065178948413
o7q5Mbty,-0.19182222997561577,-0.3466211433111881,-0.13228901916589422,0.17740196468532782,-1.0348446082069263
oCBvysqB,-0.366141012777723,-0.3700197558293662,-0.5236805231363413,-0.5450725237853901,-0.7947289223198218
oMhVmSpV,-0.6385524904889626,-0.26291145058141285,-0.8907597573585766,-0.6184213601734853,-0.36726922510261495
oNsDqVbi,0.26521750338210387,0.03198035221048187,1.3956472921388072,-0.660727083303026,-0.3320274455976283
oYAJqQk8,-0.32593999325733886,-0.3615300226551776,-0.4442945631734587,-0.7172701134655118,0.1188655798042071
obnzqs79,-0.44584620412149994,-0.296089408171091,-0.7227130200345817,-0.49633549330443577,-0.40896954251839407
pE6Cf1RV,-0.1841829791413896,-0.10695688745375717,0.14054225465015185,-0.5682296904311568,0.6985390240127749
pJrIA4sk,-0.52764237921561,-0.3732051481177896,-0.5184494022013996,-0.5894379057993379,-0.04793824979143453
pZMcDIOS,-0.47804219179695734,-0.2853568652890609,-0.6073689919360061,-0.7090180953417445,0.6361575670325325
pavfp3cc,0.09990055671142956,-0.3185253798502766,0.6068548456016241,-0.21271156302564004,-0.766953227806458
pbQdC5L3,-0.5103626962578884,-0.2520956992458696,-0.35936716210028635,-0.564971838628842,-0.2214005920317077
pxg8G3ed,-0.10381228951047178,0.09699768273963003,-0.037996903068991505,-0.2370086206224784,0.5544928878281243
qQX3cs3I,-0.20445646047619725,-0.020823646286712377,0.5571431292075435,-0.5270742721186003,-0.3862239190207778
qbL4sboq,-0.4856692825637951,-0.1543138122116776,-0.36030444665945177,-0.3968338634716588,-0.24292747426097355
r1zmcUqQ,0.2674288256113375,-0.09517396459823715,0.6706824306176582,-0.5832062994974989,-0.4296010832731741
r54iHeQC,-0.38913974480277186,-0.1795030842119322,-0.16460462846461976,-0.6204761275861922,1.1310758522196385
r6xrAnQV,2.381719893841267,-0.10115971027580381,2.003819725636266,0.48781061818566923,-0.43621585770322274
rGuiefuR,-0.45545775628101665,-0.31565756986209914,-1.0236623168430605,0.3303422213417398,-0.8059361001598921
rOCYepHd,-0.01221700717134977,-0.1662487425509608,0.7722695310377155,-0.6593500322990806,-0.6558146883278095
rapmok0w,-0.4620930128037551,-0.2345186285180164,-1.3855361650680944,0.026195403509854095,-0.4894636823297402
ri4qhb1S,-0.3840411602971155,-0.2990276837006627,-0.37815878095330696,-0.5620287343686439,-0.4646278197601241
rqpFYzff,-0.5053372719979037,-0.21292643583460713,-0.1877602715636726,-0.7528852807157148,-0.06788761146537232
sHScwqQl,-0.271347741042223,-0.18595025043586091,0.037868354872525406,-0.7432012864928046,1.166170505812902
sNC7DiAt,-0.43422207105515714,-0.16351110119985024,-0.3033081203152585,-0.7137750165700246,0.711117608156131
sO7Su6uw,-0.3716204608735056,-0.19630960949334528,-1.1599466447270297,-0.004113751913489963,-0.38886136146588424
sOWZx89o,-0.5248369764496537,-0.1830920692915829,-0.6528812320582629,-0.753752323255563,1.1338148082247663
sgtwiYWi,-0.5112796566588211,-0.3288500891250066,-1.0119392894986432,-0.0506587805349072,-0.648687322674663
t7gy6Jyy,0.436251473521249,-0.2103630028119338,0.8765725257371308,-0.8129161132323958,-0.44389950075366374
tBadzH60,1.7584368632063672,-0.06375935054851131,2.408948858372638,-0.09032587900958562,-0.7261970724517299
tr0lpwuU,-0.1820369802943318,-0.42500602201587623,-0.6400472170010383,2.727223646745485,-1.355456205558705
twS8YZu9,-0.28684761514436735,-0.2245132138643601,-0.29213212052767756,-0.5842388369759733,-0.22002979378062976
tyQSX4mY,-0.3641402587335087,-0.1975428827776887,0.23429662044252542,-0.7906777916811311,-0.38690608692241346
tylKCRc0,-0.4634119480027506,-0.3080308442948151,-0.5948147558806807,-0.6166169560686661,0.42158657110276815
u1544WUo,-0.38522881824916405,-0.286549043335676,-0.4623947502105522,-0.5524483932298524,-0.6630444042796378
uAw9an0d,0.10121308442909083,-0.2519909425319362,0.4866881455602426,-0.31689702676872017,-0.7687794435563823
ufhGeV3q,-0.5295839082628158,-0.22476094360001303,-0.461605868260801,-0.6568675772931271,-0.07042204623081512
uhAeGBHo,-0.2480913634308951,-0.22331642905505042,-0.559560160811855,0.16657821514159843,-0.6314068702312029
ujHNlqpw,1.1019047162661082,-0.07663664198187406,1.385008939017374,0.15976419957393811,-0.9599094639985296
v1lhA8I4,-0.33497855472632393,-0.27878869015096236,0.04860916644398244,-0.7745649808422518,1.8976596702963826
v3JzigLI,-0.4402519584108528,-0.3013162208626825,-0.5625898037622952,-0.46511833643861605,-0.3225646758079868
v5IwjyIg,-0.38781307530249126,-0.26622233976210363,-0.9025441764670796,-0.396737050671139,-0.5420489358494153
v6lp5TK1,-0.37497940169628646,-0.1895291890072916,0.20949022135688644,-0.7579803410170664,1.075800746430231
vAYKtoil,-0.6316674525095143,-0.36430549973587784,-0.9578051481604801,0.037027342175026026,-0.9994395128500518
vGTNQa6G,2.3230785926309805,-0.007458911775597904,2.1657951156220077,1.0937217882264179,-0.5643870663230888
vQzNxHoL,-0.30567181892878187,-0.3735635431260971,-0.5161588490314464,-0.6269427331930889,-0.9614401707653896
wIUL09q0,-0.45466021797719075,-0.2843709973864471,-0.9130852808620264,-0.5287949454759416,-0.31339267212434896
wOzx7Fgz,-0.48202496804700073,-0.3849985032135774,-0.6276528624241557,-0.4704448497967048,-0.1977310210309126
wiL9npQc,-0.48440732678830817,-0.22636601104846638,-0.3590606605078432,-0.682434362024008,0.9641459952170064
wnU95Cxn,1.3266021770744456,-0.09516339946515459,1.9391097612457204,-0.5868080303432118,-0.8415613275176169
wpJbbjJs,-0.05627411640801111,0.023270466270802453,0.5501948248418695,-0.2080299312365167,-0.4553154576399075
wsOWTAbI,0.5917272393445674,-0.21381674295061956,0.34731295483319635,0.8738806537579736,-0.713762610679007
wyzadAt8,-0.3419814756950244,-0.20119859255408315,-0.4679235890707861,-0.6661549005165468,0.9856594582942311
wzaKzYwi,-0.1432135020085859,-0.3423918768745897,0.4674110741894624,-0.7711076259561866,1.0722446377466108
xO6UdpsK,0.3688727883944201,-0.09029597167628547,0.7792219594668215,-0.3489651801485545,-0.7831735518047575
xQ2bkOvj,-0.5653572359101908,-0.4600792448759996,-1.0463524532728183,0.5533874065157981,-1.1706635794331257
xeXyDCEQ,2.141271752725694,-0.21598443656442004,1.7824952354965005,0.9815348198486326,-1.1630992834237266
y1WMCmqQ,-0.5348204732091524,-0.34478098178514904,-0.8340068098402877,-0.6515169581469678,-0.3003013629971866
yDngezhM,-0.26756990986105683,-0.2915502826550386,-0.6671425840751892,-0.5581805065590714,-0.6165658171146381
yLiFjMD0,-0.2533079191018976,-0.23871088040129768,0.0833388287336948,-0.5365079136643212,0.5178976337243596
ySwEBO7w,-0.523237529351563,-0.2810171784116251,-0.7027074886548774,-0.32525385119951195,-0.6820447465954149
yg70e63n,-0.474357062140136,-0.24289403219191444,-0.46524203167831363,-0.06375535708026327,-0.4230476696282815
ywxtlSKv,-0.5872993293675868,-0.3276464331200071,-0.8360311179330551,-0.6158412229887246,-0.717098551003819
yzKPQPOR,-0.4952325583800909,-0.48331552565144253,-0.8424360277615195,0.500643625782879,-1.0257504268542132
z5cnOnZ1,-0.4450083824677327,-0.3725992898065129,-0.8054238169204393,-0.48465664933809366,-0.7550045119227362
zGi72mxL,-0.6783063296934968,-0.40739525966566503,-0.8826080335771245,0.22250270313102816,-1.2123602581841673
zTy2ih7e,-0.3364676206196699,-0.1365550215924912,-0.9512064750201026,-0.3777374984175539,0.391262700039231
zg3u0Zsx,-0.3512775594530741,-0.14157398559239123,-0.2275885296679399,-0.13322878717224568,-0.03613403483203172
