PIDN,Ca,P,pH,SOC,Sand
09gt9UK5,-0.5949481685616416,0.132128044498626,-1.26292910249132,-0.528869121618752,1.7061117261473602
0BVvxJ6a,0.3836919482561729,-0.19336875007305301,1.094785130914,0.273237565775471,-2.1428315313816
0KbdgApg,-0.12253708255860651,-0.440130681837634,0.0381889487113599,0.0991324995141924,-0.649300239753499
0MnuuduB,-0.39005313077467285,-0.37954596291070797,0.0413727374162376,0.5994476264160989,-0.671065073046864
0PcIsF9z,-0.4410134796395919,-0.22784303275147502,-2.1018372558831797,0.199595830913759,-0.22298640081655105
0ShTFLYJ,-0.4073790944766511,-0.8124646857649029,-1.3030488842696202,-0.921355813570015,0.3701591607203621
0XZh9jka,-0.6937758972715624,0.418805657612816,-0.9185215897506429,0.681163285873332,-0.9775570633269471
0Y7Wegri,-0.29114334006186304,0.533538466453826,-0.127580574119992,-0.0672131428070741,0.035038313965945
0dTqplIM,0.2067697144821654,0.141659483602941,1.03601424413187,0.25216855052426995,-1.0741574045895301
0lNiZicC,-0.5112063816218875,-0.16935719723919002,-2.84087377382564,-0.8823976470619219,-0.131204022973413
0rGeJ0QN,-0.4478977823501378,-0.0421792649016776,-1.0523478068152199,0.347371981278816,-0.4672298613906579
0sXI9ytQ,-0.508880410880634,-0.14223144462220902,0.34526057556132506,-0.8508231726953872,1.4924545547788701
0ukt4aP6,0.633829390854034,0.194318647607107,1.70791007918306,-0.8731196530474201,0.888991922575262
1AGspb8f,-0.365306430050337,-0.484736255514019,-0.901051891777623,-0.0136506946478523,-1.47276712230959
1Csy0gvE,-0.4207815193133779,0.0571624647284478,0.31104640822026,-0.5872151458354921,0.805880127057647
1Ic2hly1,-0.38945818343205296,0.5346825666130499,-0.44106535193337,-0.0628945877704486,0.859819176837866
1PPbaTwt,-0.3806045562968716,0.348694800969339,-0.721064720123239,-0.45889336198124,1.53021747908568
1SO5VJNy,-0.29377923551629515,0.0243962968033089,0.0870338177244243,-0.41382785589005,0.43273034771326196
1arHxK3Y,0.8443958881627527,0.204054579284714,1.7083770942574799,0.414990343469111,-0.15396972342619597
1fCW4Bba,-0.39243030004700863,0.660791802490821,-0.509749524982456,-0.33289185337394706,1.2744487883496398
1qDZNvIm,-0.532157546246081,-0.486029294583437,-0.268250802253295,-0.880533351257263,0.8926170693252091
28LYJC2V,-0.32371465030933955,-0.41429793737527704,-0.9632207930752871,0.560457126428795,-0.8906649988655571
2CzACvQq,0.6260237726519922,0.9853010085974151,1.98035143027087,-0.36153577599403003,-0.18161093852731697
2FT3crfv,-0.216651659282034,-0.133686517858122,1.02756400140865,0.250267795322313,-0.649897136843535
2Fy2uHVg,-0.5199262173928769,-0.0175626870216069,-0.45177649204658205,-0.330694406957666,-0.611181303795727
2MkMEApm,-0.4430957202906125,0.268272566318471,-0.36955363323438006,-0.553628369137964,1.65917455569923
2NDGWEOe,0.7399404493313018,0.302467338974664,1.73437813769379,-0.707226644830546,-0.7502856867938841
2NyyCiqn,-0.30424116629199993,0.0272815754395243,0.0967554465885373,-0.42352890810114896,0.506165312929791
2QRzIb84,0.24133583468716502,0.692319824061683,1.9765270247255502,-0.5560431849956761,0.58553794182659
2QcbdrUZ,-0.5432996341807534,-0.689183760563862,0.33639213055055395,-0.335930346049511,0.6063843808311711
2YgAimWK,-0.37221386269078316,0.30967289475416,-0.0996229793250846,-0.49574657286779605,1.5024099914530802
2cx85d9H,0.10368977871525153,-0.39519863853423903,-0.0872570223546459,0.208396996237826,-1.11723255122419
2homMXMV,-0.44019555001699295,-0.11547596010176402,-1.79796487479709,0.13755907565864803,0.39381326752238505
2ldLrUtq,-0.3844321507825139,-0.191865637689666,0.5220327455414661,-0.4754137982851121,0.011734094207425
2nsACW6G,-0.3738800454319158,-0.660528897113052,-1.85501904025008,1.7849297327720801,-1.15798793396741
2yMbVnWc,-0.42381417315362846,0.4748997349019489,-2.32800706290358,2.15149113863459,0.5178990410337629
36r8sgGQ,-0.36655014945250564,-0.227592577005817,-0.0807226944476347,-0.624166243670246,0.553348532182411
3NXAXCl3,-0.5900623419717572,-0.63412838571092,-1.6582395409241502,0.43937215413952,-1.3695396891334297
3QG0z6fl,-0.4569921282522369,0.159931384116579,-1.56567653181597,-0.498740527787896,1.4070715870876298
3WS8R9qm,-0.5373673070531009,-0.22243965389846898,-1.7381963127872,2.4563893805238903,-1.1622727442691
3fRLm8f5,-0.33899744332933146,-0.44818716404694897,-0.5068573696091189,0.13570745253570898,-0.0908818891817439
3mZhp1nQ,-0.554506792590983,-0.643251617225046,-0.33183260553163,-0.5428354592280921,0.8385608307246031
3pikJXRL,-0.5504158408895687,-0.774305072301023,-2.1265131110815,0.5072195674023661,-1.25824469913843
3pxOEGHL,-0.42721406983258525,-0.246785788286307,-0.516177088498447,-0.608427035790694,0.5948412696674521
3ttdV3f5,-0.45386209637507413,-0.609247941977157,0.677463637036541,0.32097347730785497,-1.33750193857697
3v4X6Mfe,0.8526869377384987,-0.20910307040671103,1.65658143235605,-0.528124296912187,0.731547390325343
3wORuPiv,-0.5942392538827885,-0.14630394724515303,-0.31434993171915604,-0.29607250357938697,-0.443669074503211
43EfrxZj,0.0458530364437042,0.215771203823243,-0.41814531241298797,0.231244837456972,-0.188228107817065
457Vwm21,-0.011547014459379668,0.312909420574676,0.0517257071154622,0.537141160612163,-0.860880638837295
46KNnOdx,-0.4232470156153436,-0.30345453166239506,-1.00025902430097,0.20304014637179102,-0.32671008044311495
47TwNsVC,-0.48245239436204024,-0.7885119168731229,-1.59591236702234,1.32092470844722,-1.2183884684696
49856RpO,-0.4041894780188482,-0.42257298199636206,-0.8191567532981329,-0.48641218972679207,-1.06052115505725
4Ane1o2N,-0.3731221965171567,-0.22450412993830202,-0.00559342321162926,-0.380484996296212,0.0910034044109514
4AyVUgSc,-0.45571991239199683,-0.374825837410553,-1.2320562754116202,-0.8158085104074009,0.24450305963330102
4B1951On,-0.15505189115043372,0.312919044360828,-0.15769806598459,-0.0299549963632166,1.03488883304064
4OL39Teo,-0.03687086031101039,0.384920151854802,-0.17537605931568398,0.33154102113049605,-0.0197744042990391
4eQ90eLY,-0.05395629978823813,0.432213912636723,-0.00106927852454514,0.5157964265841011,0.24512333520431898
4o5jwMj8,-0.3309362813407102,-0.386961777482766,-0.49827472549642,-0.691904184727176,0.23115401457804396
4vPgpl2c,-0.46440054280031795,-0.177472295394001,-0.333991680295111,-0.860003751845603,0.315083957334575
51r9aA0d,-0.3695667117402177,-0.406540324844469,-0.27475533463781,-0.77499853963575,0.3899422770235129
58SmeRoP,-0.20546068725792388,-0.0698627265145875,0.280759807541437,0.0192850875628142,-0.662084876225815
5HJp1AXn,-0.3946097744965851,-0.10039058278662599,-0.8149109741817242,0.554202918720073,-0.0109238012015132
5MBZW7fx,-0.09687726036071176,-0.5965034205632479,0.92264489532951,-0.584581020978898,0.243064909956068
5Nq3gHaP,0.21344856261413447,0.703482134653164,0.058944738237897996,0.7435196581536161,0.257793531771006
5RmwFFK3,0.7351849104762227,-0.16587748723052897,-0.63561413437363,-0.0554968150129169,-1.67139720128603
5Tu5Jbov,-0.4653066154978074,-0.258865536440667,-0.29904488161797305,-0.20827522298398699,-0.367177607305545
5YEolkev,-0.2723820635803218,-0.30671805265469704,0.16673157079888,-0.41735068355904104,-0.365082368406199
5a8sf6QV,-0.08780675915266833,-0.258000308029798,0.599292088978838,-0.0159551013202874,-0.7627852519141899
5eSvmqYm,-0.38853820335890354,-0.478097384991006,0.29501120575970696,-0.345613811002354,-0.7851655792265201
5hkN8fiv,-0.33149998256265967,-0.24316180798153103,-1.80415786531999,1.08155431264528,-0.793420684689006
5oK8Gti5,-0.5811025420410356,0.2237879539617,-0.547023583145954,-0.506681851982298,1.76277252113507
5paniGaU,-0.5289814075197778,-0.376689914479109,-0.9482519001330949,-0.8579518675461791,0.954383568195865
5vsr7ZUP,0.5009673772580658,-0.0986664953619554,1.1248904971088898,-0.344056700188037,-1.4649056682784798
60B4xMWI,-0.3785730902021083,0.172111175654184,0.666943843647402,-0.7657828639148141,0.8295229778246379
64jOUtKy,0.2399672643655908,-0.100680330997252,-0.6526999121065439,2.08501056395643,-1.50912682887883
6AJo4xNG,-0.4505039152562045,0.38257250081260397,-0.6452571110418129,0.0697296631984428,0.743283329154003
6CAvhEte,-0.36515833981621704,0.111432574279168,-0.900704372568915,-0.243517991096702,1.21475112393946
6CuGYjT5,2.9356131080980408,-0.752173546538247,2.1173115418498702,0.784829966783918,-0.8629062741312622
6DGH8ujZ,-0.3198519307970269,-0.20183962183170104,-1.63561997076484,0.510546017214722,-0.6495826680795269
6PzsGdVm,-0.3517258730408326,-0.0941412552490305,-0.9225219150863759,0.539961477253755,-0.657829749129557
6UcSJMbq,-0.3931686578819704,0.22462030437775898,1.0534243855574201,-1.00598224569538,0.365614426741234
6WJbkH8U,1.30823220691906,-0.37576142856031003,1.88539157008746,-0.0512481918518557,-0.954841882271864
6eUWsVzw,0.3963308278303561,0.0596626924544206,1.22696753503971,-0.192370848139815,-1.62025168864065
6gNyO7Do,0.08585348004572957,-0.25988108355684103,-0.10310892790332099,0.550121342304259,-1.04735044468603
6jT0AyHe,0.12515520201765362,-0.10068752284452001,1.2857341936203301,0.133397078808078,-1.02918443625121
6nBgCvWu,-0.5623303660464085,-0.516116807085545,-0.366663225488122,-0.44280461476598604,1.2454503574648899
6ro5mqg6,-0.3699932187230939,-0.45568875821169397,0.266004362487171,-0.423650207534997,0.21688065345968696
6sGqObX4,-0.5866820059180196,-0.537419777311672,-0.651425870141924,-0.44968552750269003,-0.86261752387494
6uEGy0n4,1.9357515829487415,-0.17315169809662598,2.1975796716312,-0.760171266719034,-1.0904192671019899
7BZ4LxP8,-0.02712928066938325,-0.44097464108141204,0.227563367600684,-0.38653491090147996,-0.22309756913307605
7CmigXKi,-0.42221641747806693,0.140907190055118,-1.25034671806576,-0.33245083407665005,1.21702708604129
7Ga0LpfR,0.6000698138151979,0.580747518593963,-1.6759435831841298,1.9328756529637399,-1.1283400061775801
7PQsFvsG,-0.41222029856004205,-0.296120721211238,-2.4736005421755096,1.26670860884069,-0.761235309411129
7aF7nnwn,-0.5353173360068109,-0.35969188675383595,-1.1429271198367401,-0.9258111404154269,0.942254375553459
7asGzfX9,-0.25256941740172856,-0.15940413860973401,-0.335481218727299,-0.26437510007776,0.22993385489950302
7cg7C92o,-0.261654500911332,0.17850876899783702,-0.129331150455276,0.693461858325378,0.470910696699032
7eOxTpsB,-0.40890276131000114,-0.0786615913797441,0.0396222191988194,-0.647868845106213,0.9725514561319709
7ey0v7ma,-0.6144344210992454,-0.738046567951123,-1.3729755581719598,0.00852662951914432,-1.38466570342561
7gocyrYl,-0.25105781796520255,-0.00334343624369115,-0.132799440482721,0.7852404300392499,-0.18465626930384804
7gqR3GoA,-0.41677635855279327,-0.24663961742409,-0.8403195062124119,-0.38812292792944997,-0.729509622958264
7og7aUXB,-0.11058714129575087,0.0453723721452907,0.8177714332437209,-0.0944012047207179,-0.215889239588339
7onRfa8F,0.0918754315127348,-0.0647588694460574,1.35305120030958,-0.39765124534496293,1.14560375637049
7umkNuxM,-0.19347705204762455,-0.123298771039277,0.228409397170546,0.33681548075879103,-0.7287862345470941
7vPr9ExD,-0.07683662017194415,-0.397303147788101,0.24203859339411501,0.010378485438546,-0.7538524340862
7zNjpCzu,-0.5077157599854996,-0.293896062472144,0.0202858825914986,-0.18323673072139396,-0.8671789368210531
7ztsQNj3,-0.43510058343832547,-0.2143244241761,-0.228150040636382,-0.18610149500441,-0.803067641323685
86gppwMI,-0.5625831100738292,-0.361237060103332,-1.44391202877572,-0.7169554520012091,1.42420881932693
88thAGdL,-0.33139695248240564,-0.271500480651954,-0.32579050458280395,-0.38703697502425394,0.180827889771974
8GhU8STP,0.9726300273926558,0.219995875569056,1.5974561253913102,0.460014067203847,-0.6575317612704721
8NlzDcWe,-0.3977880159214333,-0.165050610346575,-1.8153231724361203,-0.780309337888653,0.14714719440329901
8QAejdLW,-0.18099928907787266,-0.332070778227245,-0.0370231998074164,0.127985730875074,-0.8257493611499709
8RDeFxWM,-0.2809682285352988,-0.40359651454674794,0.0574488549390039,-0.77083290963114,0.8608689227977471
8UXP2NBS,-0.5344505353330629,-0.5896860169182591,-0.7214376562498531,-0.42665089848343996,0.0859926655923143
8ZoV3KGT,-0.3229595732164494,-0.5017959636741479,-0.0533407663621743,-0.5497662031112399,0.0387989250102171
8ajs2uG8,-0.4243053658612421,-0.38023201879721,-0.658142107010912,-0.43020644295006893,-1.10585041746768
8bXnz62p,-0.3206267960130713,0.19502718813121803,-0.0747006804828048,0.363668902494693,1.29076730384646
8nO1O1LG,1.7557018349234017,0.783769421868682,1.89386142667678,1.46005864681355,-0.808955081689489
8xE1p8g8,-0.47158900567904816,-0.0366082185536219,-0.25115460922444394,-0.29937306248112394,-0.16670854700965498
8yMDVMRM,-0.47523589490145746,-0.345653419447956,-1.25509868368869,-0.47604576866332105,-0.8090901366336009
98R5VaPi,0.4727334753002328,0.33029932111012605,1.97314699189303,-0.9116452258326809,1.33682294617193
9DcTz2Ua,2.532562924923072,-0.43046930215210794,1.9339239437816202,0.6187799093142929,-0.5827191060375639
9G7nfUrK,-0.38229166708020834,-0.10433120260461301,-0.5988937378430079,-0.439093585529998,1.23459674478851
9O6GZ1HT,-0.19088593536406329,0.6455095145224979,1.1750724947598898,-0.884632838426093,0.0910071544429254
9S7fCoAM,-0.5652696504927786,-0.659179235709039,0.181268257886501,-0.231820010992044,0.9270189499102192
9iQwmFJR,-0.3503004577730149,-0.0279140817390855,-0.49233297639553597,-0.40810635546325197,0.971646658569337
A3Mt6SAQ,1.0029262576433116,-0.0276565716633324,2.38405663607534,-0.93798463710697,0.33819045830731104
AJIsQIcV,-0.3774128421627534,-0.00501202018606921,-1.10850185212877,-0.25861700459994197,1.19309112893909
AMHKXMh8,1.8164905499493802,0.632975363524216,2.1160366298469198,-0.589432625286556,-1.18401090534657
ASwA2J4E,-0.24441021433409382,0.0251776527568542,0.361642870509987,-0.393359472753231,0.410566710221867
AaFvEoHq,-0.45957900663114337,-0.266351792246576,-0.33360485510453497,-0.858045540847564,0.700041938802263
AiIPD6hX,-0.08804458032483176,0.168613734222574,-0.4941988791984461,0.436199326326091,0.17187192280726096
AsIURvJS,-0.39819756946070406,-0.153094423660856,0.257602409981624,1.05462280796802,-0.837166793939739
AsvgbJ0C,-0.20321528138896205,-0.100925296320584,-0.9008385370987829,0.784760643247325,-0.28270592099139097
AxEhbkCM,-0.4589300784256789,-0.297228889475307,-0.571319686615669,-0.49906296258912297,-0.618950637876694
B7VPkIpx,-0.4790130755135902,0.0744023852382066,0.681153117992532,-0.9149195314159019,1.38797008125965
BBwHqHiH,-0.050741139742340735,-0.79845335115627,0.6220869148943821,-0.184343626995356,-0.608310219159191
BMyps8hr,-0.2588120128205542,-0.530859253962577,-0.542300224190252,-0.0824830388913362,-0.8009115449994871
BUHS4dQw,0.26931115723056287,0.298525699817661,0.40150861637522295,2.8231248490817795,-1.00067145222519
BZB3EYWQ,-0.2690756395009526,-0.108099536231796,0.142764178697008,-0.44630595239568704,0.7029906161334499
C5UPCZcL,3.1753297506031135,-0.329098312495836,1.91192363587301,0.919684515720868,-0.7441192585010301
C5gIfQbJ,-0.4953580180566046,-0.5597438705052671,-2.20517694712956,1.2583345417693501,-1.2616252985488798
CDRuu4Pn,-0.34094967141589727,-0.10592930067894699,0.35216830319109405,-0.764881683377755,0.9611276769236641
CQhTYkqE,0.6517149547899539,-0.0588016091169179,0.698886058907943,0.46304322674692494,-2.3893499259754702
CSEobMXv,-0.5087888361428536,-0.185989423705515,-1.9721992769692,0.5712398695199971,-1.0781752780419398
CYMQE4x0,0.07402084464212244,0.815930426325481,1.32538682028467,-0.10360322540371199,1.04163298104417
ChQdtl4J,-0.5249273755095469,-0.9542684953473041,-0.325698806374484,-0.5267775967624679,0.43268045126970095
ChnD1nrN,-0.44620496552835043,-0.267529568432108,-1.7099276693006298,-0.948489857113294,-0.123544588787606
CvtbbIcq,1.018342436364323,-0.20949868036648198,1.79535621497543,-0.3548612921927571,0.49825671492926893
Cxk06b77,-0.2133335407418695,-0.189271005572087,0.130964288590559,-0.227263897424475,0.5072727270564821
D3QD3ZEJ,-0.1884893004691417,-0.0167921351092314,0.7075766851548779,0.3825992779121721,-0.100580752253606
D8J5C6lA,0.6743146010158529,0.44710498745514204,1.3112527428318401,0.259208017340879,-0.734104437852836
DCeQwYfT,-0.187355190130857,-0.055847142519384,-0.280758848132053,0.10152409084241301,-1.2476567790342
DDEftkx3,-0.5170742324706321,-0.240609258632301,-1.019019057582,-0.703192285403643,0.987503456546713
DEwCfeDW,-0.6056030775080767,-0.0242474856308336,-0.912839929670016,0.0147132922860607,0.988048648627612
DMkIV4oL,-0.4145710177761526,-0.39306688008861296,-0.797772031310131,-0.5858992097179461,0.166906606883424
DnzGfbxS,-0.13859941627111816,-0.53789868814349,-0.0860620353061709,0.135310799464061,-0.6410639169508039
DoZxo6f6,-0.39623717312843887,-0.519434670089909,-0.20267825775369,-0.8938032277408069,0.521365830510424
DvhBPGIk,-0.4425418575390818,-0.413072399116517,-0.32974568963402695,-0.339750475398597,-0.454274527848499
Dx7GoUcT,-0.6460404289810509,-0.507658930733509,-0.384532576982022,-0.605447919002468,1.23709601047917
E5hIjohO,0.512412294308378,-0.185037256551246,0.0012244930147303,1.25190212046017,-1.3517304938526398
E6x4XGHt,-0.4886646530761123,0.23812711940533998,-0.584685358975374,-0.355159751246166,1.4836261169298703
EDEpAzh1,-0.5209350993791855,-0.4105342581444129,-0.46312152881622204,-0.38996463007465504,-0.8206785655756329
ETGudkQt,-0.3650299484957582,0.117320329145011,-0.137587033359635,-0.6163249161058361,1.25215393429439
EUleKrLJ,1.7543440024379056,-0.377477847786227,1.80095474907149,0.47142475431935793,-0.15496389787178197
Ehw2Jz6s,-0.3844806355447741,-0.0721477349693508,-0.36684825723896997,-0.574504467079944,-0.309205052305713
EjqzC4zH,-0.5399048398739392,-0.15607868819573098,-0.0488702379379979,-0.9307832918822901,1.33195434289836
EkMZO3Qj,-0.5532175393183802,0.147662508911587,-0.41530198936113594,-0.610174948148525,1.23836379113529
EnoNXWvU,-0.3805232318147187,0.230186405442012,1.18347534750171,-1.00421505212674,0.357442963157794
Epv8ANwr,-0.273248967644518,-0.22139656564655497,-0.00321522448742467,0.5064451469599461,-0.583953126837366
Etro9j0B,-0.2382478942425319,-0.302824430285186,0.31087050264523997,0.145103119699579,0.295342038924648
F3MIZj76,-0.3240737504231088,-0.411183341090317,-0.549665920414921,-0.0612759893666442,-1.05423510771936
FB8tU00K,-0.34875272169011673,-0.37022379870133204,-1.11423388050046,0.415346616485274,-0.785903214878961
FLhxBGMK,0.17054929193096946,-0.18763337706344396,0.64644461097325,-0.194905815967251,-1.14413914819877
FRreR8ka,-0.4661772370541808,-1.02248413928027,-0.288281631456265,-0.278418055381742,0.238030443361752
FXne4oAV,0.5086892065800743,-0.33567871971809404,0.8232592651899829,-0.28952018078731,-0.8836921620919359
FaW764jk,-0.3780883802032218,-0.238840364551561,0.0302563601536544,-0.39521255844970005,0.630218863257217
FeAbMXly,-0.46309332314393536,-0.379830822657268,-1.3318298896724,-0.6462778211453271,0.470920120946469
FeudaFXn,2.128610273748963,-0.38245186382449703,2.30214298106931,-0.8701211279805798,-2.00774319861325
FldUmFeM,1.178505977671934,-0.12772267023732198,1.80281207288716,-1.03872514358711,0.525368541500013
Fnv5tfAm,-0.4200721066133024,-0.34586275442767894,-0.0558464381451936,0.0522104968606387,-1.40930458524266
FvrAd3Or,-0.4729235541872736,-0.0422436188924216,1.01297886810591,-0.723532159179558,0.700272454341396
G48zHffi,-0.10087452895362325,0.520834664919244,1.8486668201457097,-0.7177401719152309,0.8470593937616129
G76zCv5N,-0.36234623944545596,-0.249616974935934,0.00629743875006757,-0.32274613268821506,0.0457567890705129
G7JGUdNf,0.03798727215161257,-0.36955076175810603,0.604537078167229,-0.21146960108371202,-0.7825023038868292
GCo6MONx,1.0451459021565501,-0.005371815747897021,1.5884118696649001,0.629428635116162,-0.624371652981279
GE0vbpVQ,-0.1915003158769064,0.253636316130347,0.127328041789816,-0.32020942833668603,1.20393871552277
GN0DfOqt,-0.3748789549799181,-0.18442123757218104,-0.297441101194162,-0.45561026124956705,1.1558855743046101
GNsTAb1v,-0.5505778517656932,-0.41460979431427203,-0.10046067750559699,-0.370669474957589,-1.23169271806724
GPwmO21z,-0.3359301197278324,-0.42863475793911704,-0.486994317219072,0.10394358617491802,-0.9094966552781241
GQYpfLoh,0.7479361397240059,-0.29283161016657105,-0.9177075000112142,0.359324213672214,-1.44627548027456
GR9knT8n,-0.3694733781275641,-0.33485386554555296,-2.25988804437979,1.1120550906437698,-0.835248192880551
GXtFFbZy,-0.013678850028496115,0.206084911418286,0.7479187496954471,0.0494818738535123,-0.22282136068339
GYvzvvFD,-0.5212906797821102,-0.7221019093907,-1.37039751241575,-0.7341499639724921,0.41240400205455696
GemPjTJ9,-0.5807706375817911,-0.5577332476416059,-1.69162292281492,-0.202829223503159,-0.94230281183374
GkLYRm1K,2.248317817384704,-0.171717182055966,2.32310293750899,-0.7807564701255519,-1.75748294371369
GmlqP8eI,-0.36630847834845603,-0.5687485968795319,-0.8726979023941421,-0.452434412233909,-0.294404084749674
GqkIrOvf,-0.4646193286542353,-0.39032374429381395,-0.9859084310793459,0.413692674184637,-1.1251859238734099
H0fsegPi,-0.5702606733914859,-0.237276189137219,0.165259239619678,-0.41089848080489294,0.372331895873724
H4dHpJjU,2.016579884609259,-0.0497978196466453,1.8519147881985,0.5817073731015191,-0.283809174015075
H5QwJCuU,2.3491451481895087,1.10319856036072,2.38014670750456,0.228888118125036,-0.475911209986077
H5uwmSZ0,-0.4549254200052797,-0.184392937097619,-0.5947112072640249,-0.6674023867559851,1.0669368932805101
H8MtbVoL,-0.18124504436974398,-0.5695885957901899,0.0129148697526275,-0.499834244479762,-0.146380281293657
H9JrUYnp,-0.44897229766757896,-0.951125594109827,-0.20267019500601602,0.0039578596714138605,0.267211045817424
HHYmmHVk,-0.41861215204749946,-0.22329265785414698,-0.34307639039994103,-0.9608717183678399,1.30200540500617
HJ5U4uqL,-0.5934213893108886,-0.5241986489508521,-1.3918270791374299,-0.588348151842657,-0.562753926268758
HNQxYc4w,-0.19635993072057367,-0.51993502202376,-0.49143200787997,-0.539830921147637,-0.492457262687437
HQYhKHZ8,-0.4774079716607371,-0.23002315027238399,-0.414787881878245,-0.333233403295944,0.124328795157001
HSCMx0MC,-0.34433397974708946,-0.465791001986141,0.196036909049814,-0.7826869999095659,0.8734623472143559
HXYuE0fx,2.111456098791395,-0.538102540168735,1.6273049846402299,0.114899447159226,-0.871663029844037
HdKcxEWr,0.18237217064614875,0.8178734467579379,0.201908849289113,0.39243763508374496,0.662998442074206
HecW1iCC,-0.6307286091263773,-0.31611773874562,-0.312017107193354,-0.7634019899313059,-0.7303877019056361
HpbKB8rv,-0.5876310550783597,-0.9397907667264879,-2.4116604575715,1.3928785028082902,-0.8148076434978772
HrkoYjCg,-0.050343071687676044,0.47793724837449103,0.26079492102804297,1.0891571800936901,-1.1245573225139
I5P2uquT,-0.25749527499323044,-0.0857275641766653,-0.358792126271063,-0.319607065076727,1.1123721698121398
I94qkDM7,-0.5168428623672394,-0.483880545050303,-2.0488941531699196,-0.8646953861416291,0.509201323060863
I9sQbtt8,-0.4671898016486562,-0.330625280101244,-1.59586240665048,1.97688014881152,-0.9122867216697859
IFxgw6ZX,-0.45808362053929663,-0.302193337563408,-0.460790015065216,-0.4297860576308929,0.0116393996037939
IPPPSyoU,-0.3701308062498452,-0.4032352001165979,-0.91278630638429,-0.229712243585817,-1.04436482713652
IQOYQubU,1.4337975299872046,-0.0209145893792708,1.53403334106276,0.09605304362074099,-0.4515507600567771
IYNE2SxU,-0.4540819561862559,-0.375326546101021,-0.109381923777545,-0.173221079164251,-0.9234766449251189
IZRFk9kN,-0.16780538082190155,0.127027510321939,0.0189924396495657,-0.244152945443493,0.3558843346593521
Iaq3v0t3,1.0409404669132432,0.306196967279769,2.27930385576723,-0.9317822603163091,0.20028088254234103
IbVwu1t6,-0.40355304697396654,-0.30996760354915104,-1.61182512439796,-0.0691262600592551,-0.5086983582431429
IcHKTLyo,-0.0530263620134388,-0.183691127755,0.0822191976635908,0.20737793550508998,-1.0067600056368
IpW80wVB,-0.22453213827628637,-0.16812982695937398,-0.38474073234353295,-0.203859655553298,-0.5221625946684051
Itb0PYUV,1.6668023273576313,-0.00741183334163612,1.8460963318394,1.06487246763604,-0.5997908134464319
J8fpSwS0,-0.5445969160148803,-0.22200135062207002,0.431290151970135,-0.907670039422117,0.9913673320960179
JE1SlbD0,0.7667884950561206,0.7089418603463971,1.02129746948687,1.8694201111872601,-1.32911516333048
JEB4McNb,1.2104119055003952,-0.260026176335824,1.7335376869401202,0.008863878678483629,-1.08491171235324
JEE4QVeQ,-0.21323159268700742,-0.28630097716163205,0.0591139900035991,-0.4561526676315779,-1.15111398219738
JJSEU2VQ,-0.5041993977799262,-0.17446725673000696,-0.47182510352850293,-0.585869164516614,0.6835621184357321
JSsVriP2,-0.28163551098049133,-0.216771314750155,1.47314162662341,-0.5760251217028051,0.20375323010214103
JUvQNiOK,-0.06786305148165006,-0.119459924325156,0.162397246192992,-0.17785935297622,0.403783530739313
JZbrRtm2,-0.12186347285256538,0.181172003596167,1.34658929665222,-0.8978170975244839,0.33049154341393894
JcE9G92B,-0.20322917453716904,0.41581114341005,0.0379312008109641,0.6049686633709079,0.130435560134959
JnNYpXHr,0.2855132749218132,0.7431815711604699,0.274174217121664,1.6457520551643898,-1.30248738528755
JzpbnOtz,-0.5130831540265586,0.12726312867930803,-0.989484584051228,-0.720323520486306,0.7857790454022171
JzzUhPQp,2.2528654658007685,0.28821744107243297,2.33489453808307,-0.600678765136347,-1.6658439766513402
K05R8dQK,-0.19753949219881228,-0.120481574069117,-0.388599671361338,0.54628463241237,-1.2680774384138898
K17pG2mG,-0.27454532476138915,-0.281714869355768,0.75337966866127,-0.7050541279416721,0.386403766575025
K8BellUe,0.12482012984225044,-0.800780259307521,0.7590745123082991,-0.491230555718779,-1.66459212842972
KJ2eH6rr,-0.06764558310015722,-0.772236604437604,1.1179034780008,-0.617276267681612,-1.6246694624117601
KJEJ6Glk,0.7727680200262643,0.376236819506679,1.04476387463878,1.31151454980038,-1.44337131714583
KSbO0oXS,0.41764875773464105,0.573691939066825,-0.46533581413282593,2.83987475481403,-1.9692841359505302
KXtvmd01,-0.3703695868021537,-0.3597691644522151,-0.0660358521000704,-0.45118949839739203,0.34523940500245104
KYiJqBuJ,0.044989074833383214,-0.41231454701934295,0.9337439944402071,-0.700976609083715,-0.8553580696612308
KmbAyTcE,-0.16788828333886663,0.0673944323637273,0.43148323658597404,-0.312918479527112,0.3885591238086121
KnNyl3rV,-0.05087331694408981,0.160082859380618,1.4060304096206298,-0.498319239438549,1.10194965218096
Kp2DG8TZ,-0.5197164440903048,-0.307653363945988,0.0987843529432816,-0.650124311182068,1.20340586252365
KqQtKWs5,-0.46394749334245766,-0.37891095649177403,-1.3218817969438,-0.617052757981976,0.399453714814775
Ku27g63R,3.1701717072846254,0.47763145655328204,2.08398922232392,-0.547384950709694,-0.7350591984263309
L2aTVqDq,-0.4444686978904979,-0.33107212064945196,-1.89599024929825,0.967257529365148,-0.9780770984420609
L5jvq6G4,-0.4493458521628195,-0.306110258065729,-1.21795615010922,-0.706230887599678,0.761317177596723
L91hYVQl,-0.42034631444965775,-0.5253625067812471,-1.71947908129143,-0.85102034905642,0.149753060923943
LINAMlbA,-0.4843248048537685,-0.33537377185127504,-1.64397606536612,-0.0820817329146825,0.5365658976094371
LJoUNXSx,-0.33144297403992873,-0.42131577480099497,-2.1334833250711496,0.27396798013321805,-0.7745140051074458
LLtSiyWD,-0.39558678456222474,-0.22476817266729898,-0.060355747877587004,-0.41319231217080804,-0.336137944933232
LQJtV8kn,0.04160023201103691,-0.342307805852826,1.2952949909349198,-0.25098858188233203,-1.1352745390314098
LW9uddw7,-0.5768732981034059,-0.641718899620047,-1.26461335149091,0.954935565257096,-1.27191880341166
LZ6sdBTR,0.8482001267340724,0.9485785216760602,1.3809650851443798,-0.0580748897687901,-0.875809598597805
La2Vhnne,0.15397546874186396,0.327698608406448,-0.632847683011122,1.5355697166599,-0.552623625639933
LaUWSq9B,0.030575649941569694,-0.915274812926461,0.449375354710461,-0.00806883869314255,-0.8029116139980191
Lk4SfkPQ,-0.813824567884522,0.00317217050614726,-0.25974201460513396,-0.434006555093039,-0.444628093881872
LllC836d,-0.25050360809887984,0.0052484412264943705,-0.291686127955826,0.6779874657679139,-0.29796266649467495
LuGiGeWN,-0.47529950592917025,-0.294142463059041,-1.4596870533592299,-0.584626903938276,0.837606600217043
LzcyHcWa,-0.42740652232902043,-0.0678574805549856,-0.814084913085233,-0.515196507883981,0.48929679827373795
M7veP0H4,-0.5022204011494846,-0.492245570231029,-1.2448040733276,-0.351941778846524,0.843701770610389
MB8aaJUc,-0.46971926976578793,-0.45983684257906704,-2.09351648784529,0.686763205209508,-0.0337039232757681
MDpe2zuy,-0.49670373355655606,-0.218583026282809,-0.280660214154044,-0.45300322432179896,-0.9441099234611809
MEzdmEIU,-0.25663274567471994,-0.22364772704444502,0.0210541433987114,-0.48058628165779405,-0.169643643773031
MVnhtivm,-0.37572652436364073,-0.328131811370645,-0.255644649916143,-0.134644902757862,-0.651945527135192
MYU7WDis,-0.39271265642656594,0.0613386797709513,0.385756266861414,-0.833224580487825,1.1604369916008
MZFqh6yw,1.5486668573534548,0.436354143844153,2.23153289804896,-0.47881681252875796,0.49619247814906203
Mdgy4SsO,0.703901868590096,-0.299436452021005,-1.0592392928193,1.6490265699352602,-1.0154131528859598
Mj8awnzy,-0.3657741461866504,-0.23241539341641396,0.3824689866341551,-0.6827179961287729,1.4344145238843
MpFPbUJy,2.291643089742651,0.28383183119369,2.09762282321479,0.8076701221156309,-0.6629691938108571
Mqk7MFBM,-0.36027906682005373,-0.00410886473866231,-0.153710864968879,-0.607103463871423,1.29080920689901
Mqs2t1Eo,-0.5287809599903408,-0.324239187798839,-0.297412612773418,-0.00841496096506525,-0.607432874132589
Mv3jFVxp,-0.2916480008233844,-0.0051471976418013205,0.465984755530923,-0.107075604266282,-0.0222597856405057
MxODTXvA,0.13078055053353133,0.103714870056962,0.631824529883449,0.171575476632895,-1.12016351515101
N46PbpPM,-0.3463402807269045,-0.19255452215411,0.128315800742349,-0.6872812392124289,1.09926457365897
N5S5F9Gk,-0.538521267580732,-0.415141122328159,-1.8219106954833,-0.76914043778384,0.8599300290995621
NLDg5fqw,0.48689755198626194,0.51244955245921,0.18006954791522398,-0.0339873895997533,0.24139349295470602
NOho2ZiM,1.8318629249735654,-0.43438646126176,1.75285575488441,0.35466512486082,-0.8180226730248231
NUuY7PFU,1.9103340957642008,0.101185859043768,2.0005804903085402,1.1504424586272899,-0.9945111990161221
NV1e8AEO,-0.3969772036211321,-0.21385881480136,0.0557763988443562,-0.5831901140602421,0.701382744009773
NZLXROKC,-0.07354399512285958,-0.205109000746601,-0.7410697934780172,0.7337531450576851,-1.5584563948102
NaJo7C6o,0.36362098374030616,0.139230365051095,1.5004036376260301,0.0663672603808208,0.5765030740351751
NgsyGkrO,0.24137465588904838,-0.0242047864159081,1.4547728118281902,0.491183957624824,-1.18500566630026
NjOx4Zpo,-0.3364858267210007,-0.4640334947120471,-0.7874949604731709,0.8418664024882959,-1.6572352075634598
NmQoI7x0,2.0689931722066053,-0.0408769559070395,1.96879316697979,-0.5508041116177429,0.366394188024372
No4wkdLS,-0.5426668641701422,-0.28013875463502697,-2.14168335491836,-0.8794709104683491,-0.108827316174281
NouMwhOf,-0.09008475259650872,0.0167705502003441,0.95271966394998,-0.31227816140114,-0.46284168536605397
O6YAWd8C,-0.019711632157791925,-0.7682903412143791,0.685439049277671,-0.31316048921347805,-0.841836821567865
OAXVphSh,1.8595550514651809,0.152456095744407,2.39532330032329,-0.5571844153973621,0.9214401246369591
OJBBhb6Q,-0.5055039510538659,-0.5487925540093,-0.9389841395471551,-1.0389614257592399,1.27058470433973
OSIQXImL,0.6567876348077011,-0.3587914745215129,0.6289284600047099,0.40864554433312106,-1.5209588715697602
OUUFc5Zz,-0.42716590950925415,-0.36113011795128097,-0.10309387638778301,-0.813668703174673,1.07498544521264
OVk1lquT,0.0051598469906952715,0.25606084651880107,0.134260313055967,1.49019373754904,0.8009385517164291
OXdRxjzz,-0.24489754715233225,-0.213876149051167,-1.1571149553379199,0.19441716332779396,-0.6722834678362939
OXxW2ekf,-0.49070355327688553,-0.494056316523106,-1.18898879072254,-0.39678857788650396,-0.540672441044078
OXz5OpqR,-0.24561306300102892,-0.15488258175463698,0.512917761263349,-0.645536901640562,0.65939290845665
OcBFW1AX,-0.575040219655703,-0.402616666298884,-2.48430389722246,-0.167714655909765,0.743250658212658
Of9V2rpt,-0.15943898790606958,-0.205643085118636,-0.19496140280645602,-0.0903962822907288,-0.835393975359691
OfLxPhbG,-0.1956718593261808,0.170572341551347,-0.0241669516541456,0.00200303761879773,1.1381420442251002
Ojx2vi48,-0.5215269191056091,-0.33155748524087997,-1.9271623448183501,-0.8041712510128671,0.286623237831284
P3M32iuT,-0.4569666466887252,-0.46344395998521404,-1.4188117250025,-0.7538067350886579,0.0262576381856186
P7olVzrO,-0.3924834446857499,-0.202279215876789,-0.5250277521893151,-0.5555305899094549,0.378322425856188
PAPHErnv,-0.3108231540144839,-0.5422031486875329,-0.9083646615475061,0.0806691125118555,-0.659953252964713
PBjEtfXb,-0.25659047475522634,-0.0876307963773165,-0.130484234148383,-0.402669029268858,0.324718894684541
PZGpoBBj,1.8425297791911266,-0.251192745293856,2.34842121165406,-0.671604315735869,-1.04875835843153
Pc2RrxXS,-0.4107376332762538,-0.336299324870895,0.667425238435436,-0.6070821611727679,-0.224449833007727
PcHQ4FOu,-0.4566556420210741,-0.38329363986522497,-0.5947867687542829,-0.22471261819951602,-0.359634235765986
PeNyTOVN,-0.24716550997373865,0.20166102578548398,-0.316939063810399,-0.0878516124087802,0.6754989974086879
PhUPSU53,-0.5205986900768362,-0.171016055683607,-0.289532375394714,-0.310402166271745,-0.019215858261666
PmUNeV2O,-0.5864796471544746,-0.220726810673311,-2.3796865403924,-0.817220073871927,-0.10182676723863301
PoDJ0uvK,1.9181656878240023,0.9130889784093499,1.84594299483848,-0.713311182770302,-0.265465723658888
PsUJdJdg,-0.038102435878895946,0.27666131633913105,-0.21196906373223898,0.578932138780015,0.306399189186907
Q3xLFx1f,-0.2981144558236206,-0.214010582013795,-0.6047391973765329,-0.19085207526548698,-0.777936820054235
QBGxCvdM,-0.17940819904896266,-0.331872886060669,0.453030739203229,-0.33887406092933403,-0.844938787549797
QCEPyu6L,-0.37738040943332685,-0.5171283353942701,-0.9410678642547808,0.09905826305158999,-1.0529937030946
QEfwec4s,2.9190117563909457,-0.249020004118853,1.82860102618514,1.62978144503282,-0.468183336454528
QZ87Nnr3,-0.5906727944289383,-0.7727339154648609,-1.3515760451420102,-0.547386877904143,0.9860731668748329
QlyGN9jv,-0.38962227993152787,-0.15724622392434698,-0.9927082805025509,-0.11377896684456,-0.264236368322797
QqgWE1ny,-0.4503798986768839,-0.292021864775632,0.0632790244467573,0.204268153712405,-0.871266663327603
QrjjBpZd,-0.5024034275108402,-0.5057871120666141,-2.6523664664599,0.917180056409136,-1.27799959990749
QsaBiX7V,-0.4122087442090656,-0.561215530072241,0.0465417846254026,0.0544241754180948,-0.729951400534535
QtBKJuZk,-0.3156892483801226,-0.0255146272420676,-0.506679847867393,-0.220633355563731,1.28430744248101
QtPRO8OJ,-0.5655306340099155,-0.154849666564802,-1.07772023446655,-0.670259041600787,0.48132472109444496
R8XcsFnp,-0.6614142720748628,-0.31964982004500203,-0.836407228348802,-0.5618995988283381,1.5612455231644198
RROfRt9z,-0.07644187567774274,0.00563567117087086,1.08885299078818,0.145114720907231,-1.087121410708
RTcbiDGq,-0.4142686852930506,-0.22697871413179396,-0.0335756730772014,-0.39841165701257303,-0.0143741569001552
RVidM9g0,-0.24024632362892184,-0.0738299314074407,1.6238437657365399,-0.7232858041224051,0.789961453101116
RZnQSH19,-0.4854164098347251,-0.0217057495397789,-0.31662410354397996,-0.6324094230211179,1.0367170311382499
Rc4UK7fT,-0.6253081484496175,-0.463316726042352,-1.27257493712429,-0.6333225066640339,0.649799129750429
RcKBKh6B,-0.37382223054618,0.0986756097799299,-0.356753429644676,-0.34084584887231295,0.879102693950756
ReM5kDa5,-0.15386544939172886,-0.31173618348972,0.0608458312574171,0.0493853927765628,-0.860329836809521
RfntsotG,-0.4665559920834408,0.0143150382735224,0.153350776979547,-0.6824169105510021,0.785968698828567
RiXMlzXD,-0.28198642677619823,-0.19349936141800197,0.319874888536439,-0.48173008560117797,-0.321279293701498
Rik83O3m,-0.47207816308940487,-0.0865836160268093,-0.0634477852422092,-0.30183679571518396,-0.31977055659124504
S3PCzDzO,-0.32975472452022636,-0.139004559103812,0.664670659982682,-0.7323811579178171,0.7176947075028349
S77BviOJ,-0.4669182442301558,-0.39957155498646296,-0.524602498367838,-0.198609455196573,-0.193061898316407
SDdvtktF,-0.292015036756025,-0.26843494668617396,-0.439101483444705,-0.2648478552907,-0.9578917045787578
SHs1AyfM,-0.3105410549647427,0.36215518762962495,-0.1379913190183,-0.14436128385729902,1.45973719890519
SO4zQy9k,-0.40383821802202924,-0.39785327010161,-0.25804534661,-0.41193588055087393,0.0468085179421021
SOOBCoiG,-0.32123637463672416,-0.0705599992169174,-0.257664087539559,-0.495620738291799,0.704942732260772
SXkkPB7A,-0.4984876670264935,0.229268346030275,0.19958576733574,-0.545008784333448,0.998803533472458
Sa93dGqq,-0.5185125594925335,-0.15574424326810798,-1.71133329050803,0.320470511137078,0.6969408315367239
SonIG72a,-0.3837614972678107,0.0231345319564788,-1.18976371208846,0.10000378537900999,-0.223618631158731
Suf6hIBc,-0.28200711467985506,0.0501513277862314,-0.126931074754806,-0.46234486775986605,0.592665424398804
Sx2JeSRz,0.048674240180334394,0.131447996216211,0.00861949981380481,0.37888911824219207,-1.02485422744592
T1Tlftr4,-0.3092837763220455,-0.139957898585485,-0.00243091298721406,-0.8398299263315849,1.18218296272462
T7ulR4ci,-0.4096667328163317,-0.325352779251872,0.298170868106291,-0.7831325373418481,1.04982496133134
TA1NB3Br,-0.24561554664904683,-0.0246687441775474,0.140543079230871,-0.438593891417448,0.299622428625101
TFZUskaK,-0.07766381931463506,-0.28998094365125204,0.0675152455602769,-0.132882484786655,-0.971913782579775
TNL8HGWZ,-0.21368477107028916,-0.3602072050358421,0.26843816202632004,-0.313790837912686,-0.9970048930885759
TZ8z1GSF,-0.34271443835933546,-0.21901607375382998,-0.311130628868808,-0.46057719647410295,0.2871940831698
TqhRvkJJ,1.6016483399213843,-0.442246968502725,1.36133610259888,-0.590906943560224,0.41316032105338596
TtJCUiY4,-0.6143408375690438,-0.219728118853977,0.6787736406072199,-0.9285062094793299,1.3481039478445802
TwDq0lua,0.24916820762320135,0.397240097515303,1.16325571567548,0.0568719147416267,-1.37469776625654
Tzyf02sI,-0.456711858562981,0.22226968162092,0.618272499572623,-0.47996162627114797,0.8619247018742159
U3yI6ZS5,2.6778467187606925,-0.250163409216455,1.7230844235026002,1.19901340673513,-0.615538529191178
UBLnXZAN,-0.5145505847689815,-0.45907981536651,-2.46738057421836,2.09422703893969,-0.832083692503727
UBWDzleg,-0.35695858388720403,-0.294355502976232,-0.7933757090987671,0.339017250587497,-1.3242686292922698
UBqkX6SY,1.6071049056309352,0.12455167564601301,2.07525276317537,-0.43603669512794,-1.21967375771603
UCIAi1Aj,-0.5875269427236258,-0.805159524885975,-1.6084805337083101,-0.249030371366731,-0.33179055780461303
UPbXGvCS,0.01111026882012034,-0.41618283835355396,0.45313414722787604,-0.0867266113032779,-1.0803966246685501
UeWm1l9F,-0.23140935695806597,-0.0950812188122045,-1.54566095116815,1.39737838601659,-0.5994649833760171
UhucscY7,-0.4586752761915118,-0.626359218478319,-0.241302106352776,-0.7060098823165419,-0.424398412154821
Uri1SvHV,-0.042035445699012186,-0.45406126412886105,0.4546272636175,-0.13750021025791198,-1.14260127622043
UzxipGJS,-0.41691297094956603,-0.0941063646896997,-0.253487017680167,-0.343988219437679,0.536013296231088
V74zfaAQ,-0.18973230317334178,-0.539063061393612,-0.0890799630927755,-0.0290736011951918,-0.611080859118826
VBPxBLTh,1.76777886877443,0.41771360022077797,2.06629760168819,0.7224441230873979,-0.44317510590850107
VLG7CXYS,-0.2457628764137194,-0.0456440511871982,0.102034222125759,-0.2121533364865,0.672188408100176
VNk52SpF,-0.5265755502734333,-0.886096068213997,-1.7777575170026498,1.7861667617116601,-1.08234028329894
VOREKsok,-0.49621692545275486,-0.14009096236119598,-0.515384554224096,-0.816892362566943,0.972061668204681
VRhTr5pX,-0.4179501021837364,-0.43823133608280895,-0.079567993367567,-0.622175486968592,0.0933375367916622
VTcG4Kcw,-0.31210537709517716,0.29552325068412105,0.2852947878714,-0.5811039994950029,0.8228274736828671
VeKiWSbS,-0.22728404972616367,-0.0163794102844081,0.25623042483708197,-0.317954896856634,0.22025882023523302
VnU8nJHU,-0.33934647322467804,-0.43770025951495,0.0478844541163848,-0.19722864081695102,-0.448567363489981
VueNCxYv,-0.5539864632639233,-0.32519507803996506,-1.04134010930184,-0.445541319295088,0.6374111211675
VxuQTRUl,-0.518175419282839,-0.626518803816677,0.148645225968081,-0.368413895003371,-0.912270267426427
W5lgaocA,0.9531316461653336,0.526479268479162,2.0176717655468797,-0.739627261689346,0.44140191827522596
W5mMq9Ef,-0.36931383643815074,-0.21086099475090303,-1.3861985054663402,0.33177704948902004,-0.28565160376035903
WDhNqFpS,-0.06790691488441603,-0.280877852998469,-0.6826545072925579,1.20534192411065,-1.19728823415915
WE6n1kZi,-0.448608283256986,-0.47211222593515595,-2.59068397155448,0.8048750301722309,-0.715711560849265
WFk6r3vA,-0.43222599512199444,-0.0872392468211455,-0.231922332556831,-0.195444404094034,-0.278151544371101
WFyIrsUR,-0.6168920715847985,-0.31510181883479,-1.00599060353734,0.320180409930803,-1.4452510216379397
WG6ZAsqR,-0.5542411055839107,-0.39133514113643103,-0.656335695523192,-0.815075559460217,0.9198844635185771
WMq3CZQk,-0.3886175262164766,-0.723571989109592,-0.843239089084562,0.22478108050110898,-1.78305251400441
WRskmGjh,-0.5385379032346105,-0.124177656635971,-0.5345314304697271,-0.29098430990628493,-0.810437566265752
WXijSglj,-0.4345823871450971,-0.149698865593345,-1.3885176377505002,-0.260731067393601,-0.965249704260038
Wc0stQgu,-0.3387395715972712,-0.36592766996239096,-1.31609740730347,0.44624849190552296,-1.12949903978351
WewoSCUB,-0.5416449699578703,-0.0760567979326469,-1.95140724829359,-0.8666028558711619,0.377549100598738
WuHuhHWJ,-0.19131296709389112,-0.23980940116669,1.04283036645696,-0.6754087702731479,1.15230860179847
Wv7EBtZb,1.2578403463944046,0.010809875510704,1.67624838510643,0.24395988514454503,-0.715301650069848
WyPlxDn0,-0.45852673793575427,-0.126975297796782,-0.635299935100896,-0.513346173148807,0.416687887402188
X3WqoSNN,2.7299432704365376,-0.37772594103293,1.86169924373808,0.926457629409445,-1.01637914399092
XDhyP9KB,-0.5137142852412904,-0.39494685239463106,-0.546785877463097,-0.106683813709557,-0.541043429319377
XQxhDRMG,-0.5363586813046464,-0.172137621843171,-1.91649375866846,-0.308853735472693,0.850114849365366
XjLNAwxW,-0.1726216378098666,-0.5713359029185079,-0.282872428959325,-0.0896192584868779,-1.10698817675831
XjfVQbXd,0.6581113118299431,0.61964626468589,1.7974518606327599,-0.5600506680339741,-0.8812479095477621
Xovczbf6,-0.5244979568448667,-0.30306638446674,-0.679686915161027,-0.8706473821506691,1.0341634735319
Y8H4onBf,-0.5700146803104058,-0.731039026579968,-0.8164272182850381,-0.625849248859305,0.998462438440877
Y8YgzSZ9,1.6781790423412435,0.117515375797437,2.1386531635644297,0.41465280299816604,0.11854119121903099
YC4PNV20,-0.6232331499252819,-0.391858831923014,-0.22287094191075002,-0.42741111908946,1.2407588350644598
YDHSCRdd,3.255921427505827,-0.5115718910239551,1.52192867411547,1.90050936821346,-0.338919527614159
YIJ87aME,-0.389633918088121,0.360988909013207,-0.8070928649826309,-0.424127172377457,0.671942430789516
YKvT4dFv,-0.38105485890804225,0.0648734394200939,-0.112482595638379,0.0213998662416275,-0.373668628886932
YNebALR2,-0.5231378517839271,-0.64874498947574,-1.46511296190578,-0.818530727675763,0.49883321470383
YNrnqFyb,-0.3099529372886405,0.11745260761767998,-0.197005822384002,-0.251412572552504,0.35039957606577693
YUZ4lR3m,-0.44045551430150276,-0.17902550383740198,-0.19223531812848102,-0.209377411508585,0.43393725628119
YYLvjoVC,0.0035585066072503224,0.316917588980632,0.10211473757322999,-0.150300633768773,0.623135019994936
Yb8OtMb2,0.13593186039094185,-0.26722261522799,0.6727314368854761,0.0277363514755029,-1.04126107591462
Ycg4lTYw,-0.39297792049336344,-0.489661417022414,-1.49935652419936,0.566321409484281,-1.0165904719096701
Yfk6tekH,0.0972726457995936,0.48728660118004097,1.6001829995733101,-0.34412227129861794,-0.46135283016403006
YoSfgmR6,-0.4634442353986383,-0.40907025302871003,-0.33221173881176397,-0.27678890573327397,-0.254305743729344
YpzFvexy,-0.33693936464390895,-0.21647584458084804,-1.00532344184845,-0.0724846118380521,-0.417522612716764
Yxqppfa3,-0.07685959121198316,-0.255610181825896,0.595234477798532,0.0547021075880003,-0.9655066724951009
Z16jTUvP,-0.44038554575928224,-0.268046780162714,-1.2420586733844,0.27879255690047805,-0.7042175047695649
Z2BdCCbJ,-0.27388708962899777,-0.12519867699174902,0.0433192143442979,-0.5279103206313099,0.717874875476903
Z2JJMM6V,-0.4207591824145407,-0.42208427075697297,-0.380771503596019,-0.0514079048492859,0.19690299293279398
Z5jE1OB5,-0.18041708006836465,0.0849720882248642,0.656324394293557,-0.10828324079859199,0.11656466306758599
ZFsIqYxA,-0.46550619102964497,0.0331965840879105,-0.353332994931141,-0.047719965892264,0.25827299123781194
ZHDVsoRh,-0.33840324659962384,-0.256548016653532,-0.32862090217010803,-0.17501894874726198,-0.545963876570329
ZSmfu2Fc,-0.38723514682447835,-0.505002542813904,-0.855557287149139,-0.0921060370619279,-1.08503315318332
ZU8YXF3H,-0.5292018090254356,-0.4807276724564411,-0.568760329181308,-0.880266952121543,0.9446563830708531
ZXKaNy6Z,-0.49463856530786465,0.0939364623561972,-1.5395084129363603,-0.36623956684881503,1.3464550395361599
ZbYLo0zK,-0.18622455880807642,0.189581685662863,-0.342028114228195,-0.28689229645132597,0.9314559315659809
ZedN8Gcn,-0.4318243239511599,-0.309393039320799,0.3715853705006079,-0.500759486904859,0.0618331786419938
ZgD4Dau6,-0.11378267385594931,-0.437072788872933,0.45743239362057103,-0.38899518012181294,-0.9757652314377969
Zgzf79LA,-0.5957579537731004,-0.34475537146290997,-2.22117163548383,-0.803401965135293,0.296814042366844
ZjqzxDOF,0.23784514305015314,0.62396076828192,1.4568714761418602,-0.7933818602310669,0.31341619079481703
ZsZ5aDpq,0.19133026473872583,0.277619473836052,0.9606420624780649,0.9036982668527951,-1.1577956755469099
ZtyqE7If,-0.1775800015906821,-0.29099060486152,0.65866637208837,-0.10660834850958001,-1.14470151278281
ZvUgz01f,-0.3298717719446227,-0.375683784870663,0.21108201676124397,-0.891532828308221,0.807974717873697
ZwrhgdQV,0.7308479779509884,1.04436089144461,2.2309929454009505,0.753257707675506,-0.44044337960287294
a7bhJGBU,1.9089888343707475,-0.572197644203286,1.88886789131901,0.569938559026939,-0.298004596735279
aHpv6KzP,2.9146413710543033,0.00687473470200427,1.85078669954131,1.08162753029355,-0.629723503779003
aINzEBVN,-0.5092641133119837,-0.444549804548652,-1.7737708922144602,-0.5628955826740021,-1.3102599911571398
aP9EtTGF,2.453197694525274,-0.14783157220438,2.2435276427489104,-0.8106024901263941,-1.10328121442271
aV6EhtSL,-0.47670482832410066,-0.16080922327563002,-0.0736990354455461,-0.49286871793046794,-0.15274753239614902
aVZsXKoH,1.8011837164821731,-0.23857145365373197,2.09581660879947,-0.73717565486519,-1.0808709824542901
aYVnVJvc,-0.024976715111902692,-0.129623998332547,0.46022308297523706,0.6867706100952621,-1.09082692705146
abCzN1zx,-0.4996395734896719,-0.24004356660946802,-1.85283562232366,0.421703983065892,-1.0718325155058501
ae7sMiB4,-0.1586554433150109,0.104829828401689,-0.266869586172682,-0.20360567509295496,0.323914568068015
afsVuCGV,-0.4514104887257968,-0.49813743397295507,-0.924077920980525,0.27417829245957104,-1.06872488414454
aiwBQETI,-0.09539461959553641,-0.483192202187192,0.447265569028388,-0.226843808810214,-0.8776606084614991
aiyli4EI,1.9077515217630339,1.26918793483213,1.90406962923711,1.04512157219835,-0.224221436489531
apJ7NmzD,1.9920091254074936,0.148809258747789,2.25896446613379,-0.5032818837329721,-0.9263641520215758
atVjNMtQ,-0.44337279151494435,-0.9797603698411659,-2.1994520287820603,2.31455023827437,-1.4785316772369
b5GirVGV,-0.4323072082642607,-0.20518707578750603,0.129493702504011,-0.5851074064623101,0.505592148897415
b9SpMjNB,-0.1868218579857608,0.17781641472886398,-0.137133048354152,-0.22782556730883102,0.710199549612482
bAFs37yy,-0.39963553968851606,-0.44880695742175497,-0.18334566726429702,-0.801820060719843,0.9194919830256211
bDia1hHV,-0.32343961081488537,-0.307687868386645,0.8619776160953342,0.0590532685851378,-0.7462836679944821
bFkv5Mtr,-0.36694192871260434,-0.147050896411035,-0.746538183134743,0.27021956258047103,-0.253461122272344
bHe2IXgA,-0.47406711617662545,-0.625684908870651,-2.75957874500387,2.56664485132327,-1.1208440343753798
bWX3vUm5,-0.0841496195108089,-0.238261836535595,0.199574654612562,0.123043113757358,-0.9077533122385809
bat8tcGs,-0.016040524194805172,-0.503015013544448,0.7619478289153871,-0.24940427859409803,-1.33510686866706
bfjej4wu,-0.4924335472331318,-0.40658313155275,-1.57454421413331,-0.19382131858585802,-1.5715773275697902
bh04YDiP,-0.3202254029098963,-0.33557580241986307,0.0404396734342176,0.18394419786872399,-0.824954156829769
c110Fdc8,-0.19327075463905707,-0.260867774926863,0.15862326310320599,-0.329589287379575,-0.209491337499328
c32GUzMa,-0.524464743921099,-0.0033665263791572302,-1.81655297871436,-0.13661129286158302,0.956474464120295
cT6uU0B0,-0.559101188771761,-0.291182067874875,-1.3704080415631799,-0.391712154852819,0.681442121448038
cWXCiFwh,-0.4428467694372653,-0.257381908310628,-0.407809098695978,-0.45582205023479605,-0.8578487646703771
ceNvS3yd,-0.3967663319613717,-0.417344572387356,-1.0529507669579001,-0.000806386636923335,0.0181055658297034
cmwdt4Av,1.5109899282298915,-0.0437570753365189,1.49735973612205,0.22518192194166697,-0.736146419599352
cn4EHsup,-0.44361020553350095,-0.22764870914673802,-1.71534931519348,-0.2853136566063039,-0.0238038361007577
crVOGGTT,-0.4921954751975459,0.0963202451044544,-0.274061280473123,-0.48532398422849393,1.6510143590809099
csPEJ1E5,-0.5175131320020778,-0.678024351177398,0.9501461730177351,0.065672975796251,-1.3226260763366202
d0UrRtMk,-0.527001197184914,-0.220112604445655,-0.24846069309288302,-0.851404211919463,1.46841321770302
d6LU4G4I,-0.4134902487651839,-0.5547102308865249,-1.81133630151388,0.53236484550456,-0.16367365772741102
d74T1DVv,-0.44675181177177414,-0.5804103080981501,-1.23316863962453,1.14768369962818,-1.51979372538601
dR6rM1tQ,0.101051007458695,-0.654812887970317,0.7229040332514041,-0.129191310642616,-1.38631006928215
dUNxOoqg,-0.4904594313124431,-0.609513188171376,-1.22734091326956,-0.21360565323839703,-1.0613262152503
dUnlyhj7,0.3665661321674083,-0.0854929493896155,0.9827458578687499,-0.484575076562928,0.252386703809955
dVDlnZQ6,-0.4598109139403146,-0.375043809810791,-1.45650140089657,0.16584739371592902,-1.05829589979474
dVT26GDu,-0.38374776809047084,-0.0353584379136418,-0.23029158376504605,-0.328009882684279,1.24927817569109
de43ycXY,-0.03975475960720409,0.21764971667248897,1.32858648275635,-0.9293861199362321,0.22684671576555301
dfIn7m9z,-0.41445771635738815,-0.466967566714724,-0.560721580097728,-0.18278864680188897,-0.8257176989262339
dhmb9ZY9,3.3564663207295684,-0.283810293936738,1.6279720676558602,0.8184329255686908,-0.48530773469205796
dn8kCuyf,-0.34834413531876685,0.21067722782193501,-0.6766614370110379,-0.230069380238403,1.18412630528499
dpcquvWW,-0.4037767270667114,-0.42114561656911104,-0.0523250704581538,-0.359999568185165,0.17489187925746802
dqcbIMyr,-0.46011268768114455,-0.43823096374358295,-1.3389772359432701,-0.641696957868085,-0.0520507963849898
drWgsBf5,-0.4088699682920929,0.00446559055320744,-0.00408134808421305,0.489870419958514,-0.546913107295911
dytx0HSe,-0.5404871107347713,-0.27151103788394393,-1.2434135041871002,-0.802836148027976,1.05443413388217
e4KkkIha,1.959125008805076,0.213657447529536,2.1764464268877397,-0.6386701141062749,-1.0551738766677
e9YorH4m,-0.36051993808103866,0.191737835006618,1.71682378188255,-0.8468334770718859,0.7231851342070541
eB9gVQ0R,-0.6832565349362181,0.856117732515726,-0.6758915374272,-0.7861512976283249,2.29894591816196
eMhLFqU6,-0.42422084421781214,-0.44801183359648705,-1.6928666361276998,-0.336325927435091,0.278000908233901
eMllg1qm,0.6953830448091498,-0.0939607379825571,1.03603565471176,-0.0603262381783681,-0.7966399097101361
eNPunZ9i,-0.4490339752545065,-0.299866094924537,-1.91950082497503,0.32728055643657206,0.345886173746206
eS5BSM4J,-0.40687723687272914,-0.0457447155336756,0.19458326801876102,-0.746486416329994,1.2639754169657198
eVGMFoOI,-0.4834021413313945,-0.0017990221720440398,1.1978375675083102,-0.794945472100272,0.751880057764922
eaIwb3rG,-0.3239271082044848,0.8389293220909292,0.634741740136239,-0.16196874780338502,1.31748273138683
eyzw8Vis,-0.5226183887532994,0.225174909174361,-0.909862662311797,-0.5862189234037429,1.29803653714215
f04Ke2bN,-0.2887857120810491,-0.0111953879544676,-0.575197522507141,0.172079082068114,-0.0390574167734824
f4GA0te1,-0.2444542644307699,-0.548198660819154,-0.489169885541354,-0.580898835452327,-0.257316690748682
f7bd91h5,-0.4115448065406877,-0.24559635223772197,0.3483087243613969,-0.670214168134749,1.0687007897535699
fB7z9ndr,-0.4794716220755486,0.315129868865336,-0.500679771037302,-0.6877171023002719,1.41332128794213
fEe7AWFA,-0.14639230533413006,-0.159135577921396,1.18659438184842,-0.28861157270457,-1.14938579822799
fJJIbgY9,0.42620007014665084,0.6754582589596688,1.62285534962071,-0.791488943466804,-1.1794377992558798
fQBURMvg,-0.27601777017190265,-0.24870261115810602,0.194146723208725,-0.484301097133043,0.695083747540814
fS0HpOub,-0.4063305916615132,-0.313689497003602,0.2815552253821911,-0.537218093569741,0.7126544658492479
fTDXauuk,0.2998019668432921,0.0975011450589978,1.72312274995285,-0.46485785908793004,-0.7557152376279351
favPNA2N,-0.5370508906830178,0.0249301116358675,-1.67886119045696,0.386521398854709,0.7822547508961379
g3Fv0U4k,-0.48533511980548205,-0.488189592626606,-1.75231742940761,0.49977720999181896,-0.619524401951837
g5PKo2E2,0.372161313903975,0.0700325648351851,1.14566397030505,-0.160214907035979,-1.26116725504073
gbjnD5fe,-0.4336127628922082,-0.5750547075822571,-0.516225898637129,-0.7123688356826361,0.2249757260084
ge9zqXCv,-0.4071611998025997,-0.22329779553734802,0.4876157234264121,0.533773791114071,-0.601811632741389
geeqJpSE,-0.41549593650205274,-0.296113719857208,-0.145763248402176,-0.7053432128338991,0.653833759531428
gqy1J2RS,0.2303445219844793,-0.309207782614167,0.30388961656242,-0.0139108198496347,-1.6441344527512198
grlUtS3H,-0.15424812608324423,-0.276581425750787,-0.0201333581335562,0.64258004132914,-0.8972152853001151
gx965KYj,-0.06494863224480518,0.269755893659963,0.0753694957460415,0.17982313153483898,-0.0389431290476907
h3F08Vjm,-0.40958989406368396,-0.281254392907492,-0.361930988315597,-0.7091325378988421,0.7433778587739681
h6FQG8Iy,-0.2419344461982842,0.48456471768449,0.9053727094224692,-0.7020359814009599,1.5350410506831598
h7ftM8b3,1.8982188891054097,0.0989004856352751,2.25780864329112,-0.6506538904454039,-1.58706246078087
hLrCHXZv,0.05041116952765101,-0.41153389900930504,0.544753547262395,0.00460693867487329,-0.606018251261664
hQ6VBuFx,-0.6000339556568957,0.9992662062387391,-0.540792715313176,-0.61220183686975,2.0746916870408003
hYoR2y7w,-0.4479951071079409,-0.319289359770812,0.254824550304394,0.0318928818362425,-1.1129266429128999
hf65yZkM,0.3620960386016936,0.0664991572551584,0.6822193046903942,1.1829160603009,-1.05721501818061
hjuwe1x4,-0.29721184611815765,-0.59232372254849,0.382688667033455,-0.339637832306938,0.37243282930682003
hyINlsFR,-0.7212640952614588,0.536905992150663,-0.748921283135568,0.100437783735229,1.5476890467647701
i0Qlm9Bv,-0.2229241803984774,0.27575582963787604,0.685902675352473,-0.522969080303349,0.854826678041575
i1VxfxMb,-0.33934367528689613,0.162297816097603,0.5536649289899119,-0.560272735269301,1.06017512575114
i2l6jXNP,-0.49187653694781197,-0.3686188046928039,-0.9025648281983409,-0.22726697174569802,-0.195760992160938
i4FgPZv7,-0.4180263603914778,-0.226931746035458,-0.291004162228368,-1.03144688383322,1.0445036684070699
i7XtIkSi,-0.3046497648514883,0.134278491025276,-0.583250661215319,-0.127659073384938,0.302824216791398
i9z346Ut,-0.240113901630421,-0.33250934397851395,-0.55713710348787,0.826122205079842,-0.166264411339104
iDOat4cZ,2.0752068691855943,0.48030989646452704,2.3864934689821,-0.577615705951185,-1.18979604979977
iNv6RoSO,-0.16524494922231092,0.144057311768174,0.841017693120981,-0.051837901960485995,-0.166326958671141
iSL9NYzy,2.9151113090816256,-0.777997625260655,1.65220150127921,1.67224226891491,-0.714628036657284
iSqVc1r8,-0.13956713487226402,0.5793876145059029,0.97042255090516,-0.865461486300328,0.358786615828178
iYZMftt6,-0.6005403117803194,-0.33075095351135303,1.0136947522808801,-0.395501388946038,-0.549493089384284
ieTPaa3c,-0.3480480424723833,-0.267125176444162,-0.894635353841917,-0.0475840549202565,-0.271813242060486
if7BmzU0,-0.42973788859359097,-0.314285217343416,-0.338847232048641,-0.66025159332037,0.662667536965385
ihNz5bmx,-0.32009512939901974,-0.210987339530409,-0.344333895391163,0.155318805585175,-0.8132531615407221
ikJXKdIN,-0.4700321551044322,-0.100708762379209,-1.93497411508665,-1.0969719898152501,0.589165794434505
iq2kxikN,-0.1981094338485132,-0.38811393534995703,0.12302385732007799,-0.213935586883162,-0.9924586555943441
iuZEDJK7,-0.4139906730114813,-0.32029894588109104,-0.269213352665837,-0.5813571248906371,0.57198924888866
iyF8gVT7,-0.6069175042084094,-0.412335710524808,-0.465999415020341,-0.7929625400511942,1.38276755828545
j06qdQ0V,-0.3693079138707258,-0.19354604506066897,0.178266284974185,-0.211589618299912,0.165862060826678
j7hl8svO,-0.5492319893689324,-0.615883424765135,-0.0233783959814842,-0.31088742567937394,-0.725020360784708
j8hMoJUN,-0.47346597435494964,-0.274039153504832,-2.65874346635008,-0.8477477637204229,-0.350836432850608
jNaFasbV,-0.4949509843904121,-0.44521274334746896,-1.07070784461953,0.271683897064241,-1.51540890955824
jVVHeYHT,-0.5092959678407265,-0.0546307147565686,0.13690275573111801,-0.6964715680556789,1.27227580912575
jXm4ySvK,-0.36465639203464484,-0.23910646467173396,-0.117704769307719,-0.452791613133633,0.36806252797853
juO5ii5l,-0.31285478151579404,0.0868825026732493,0.268670673886078,-0.673493537112824,0.776336543496675
k2hdEBsU,-0.45865769604841766,-0.151769415629043,-0.345592848514865,-0.825469773211149,1.41471080008196
k3ynMfhN,0.26105626771487955,0.28872619422586704,1.2826740092328799,-0.342258077703867,0.616699914282838
k9C9yBtr,0.023833115246988612,-0.262571340179401,0.446224178613981,0.303636215642333,-0.9445688247138041
kAKRvcRo,-0.5115703282831969,-0.562644045917903,-1.29384092580753,0.158823857578163,-1.1612106522350902
kBi3R2oC,-0.15703078676693671,-0.0669872130071433,-0.123413316353498,-0.310036163610599,0.0770093016012859
kDWmnsXe,-0.07111261308130956,-0.338272992663269,1.73792394278978,-0.454609184972629,0.0400458220731005
kSGBd2Vh,-0.35336743071837695,-0.24970799695710896,-0.107183664469929,-0.614059721913208,0.6269063966880121
kT0miHPT,-0.3577247080318653,-0.258692575450493,0.0153890292066457,-0.371239354723493,-0.0572427343066167
kaW0TfRn,-0.5370119642607829,-0.562596409490184,-0.609816039571577,-0.6477190245784201,-0.343871986127067
kmg3SowO,-0.35800079566041454,-0.11006205670231699,-1.49172063594071,0.614823730211129,-0.5267276544422911
kpxKSlnF,1.8883591757509652,0.420467215538257,1.5329604520347602,0.248816879740809,0.777022013639073
ku2cn1MV,0.5637575662664762,0.551712391638286,1.6919373262223798,-0.169492380009155,0.760175281821778
l1su5HU9,-0.44503164422388686,0.009512593355764341,-0.321552376555813,-0.326074015926063,0.87136209696226
l8Tg2RvD,-0.4322753436508133,0.180645202344487,0.8305616943798001,-0.687872637035415,1.37803893090213
lB6NsVOc,-0.390553609291997,-0.306182716513239,-0.19778637088472198,-0.5257864306441901,0.8279954200128878
lEcdVyKk,-0.4846988670558954,-0.305194866616518,-0.6065811590858481,-0.520476236028963,0.45530863613398
lH4TasGl,-0.05891126293334814,0.0894864724821873,1.39186761740553,-0.586241448867456,-0.549065745732003
lO9aggHW,-0.19131938888477684,-0.0503325201514115,-0.10570402857099799,0.5227930447094921,-0.0318049352631144
lW3m9Vzu,-0.5347530679004517,-0.0540041688353414,-0.29681843168807803,-0.127232602872048,0.18560270664500697
lYLseGDP,0.2712217401801258,0.5462541208915139,0.45114719028189204,-0.241689565688765,0.38794364690895505
lcOnCdZi,-0.23673127589512255,0.475103978149062,1.11117784217656,-0.700621479629163,-0.27900185197224103
le9YGwON,-0.1288582788450281,0.346954248524644,0.575989739002977,-0.227396860879615,0.5795536467449549
llMvu3TX,1.9835254022503381,-0.22324467658395303,2.08117121476661,-1.15400100375871,-0.40314542534755393
lnHh2jFO,-0.20396268807956908,0.133530691750261,1.37209685174541,-0.8746238193592919,0.40069060661843003
m07CVXd4,-0.5602676107214943,-0.13535692170192898,0.0562868284501305,-0.9034957012632181,1.54955543570413
m1lPk91z,-0.2675894168730206,-0.189396801067108,0.9630772171536278,-0.7010600945786379,1.30231925747618
m9IQdmwa,-0.4156327095383272,-0.0890962038438839,0.129228887615833,-0.5630698486485239,0.727177640183984
mG9BRy5x,-0.45565201273580946,-0.249021863874719,-0.468518687859595,-0.0434935873046322,0.00249808023753098
mVHXnama,-0.4610566262473963,-0.510104221902568,-1.6599901636512,-0.530992021824086,-1.0067028248996401
mXyrR6nU,-0.42050018553453405,0.154584454929932,-1.13255511553909,-0.380533096162206,1.58802853164789
mbzNdxNc,-0.25856496889315217,-0.0436977248752355,-0.131126707798429,0.295587497242548,-0.479883234300103
mntH7g3L,-0.22657580488220042,0.5527432727131,0.9411282002186279,-1.0078395969151999,0.701730489302611
msRTXP3H,-0.26871515506939936,-0.110360128716692,0.197944756856924,-0.300877125180404,0.18864339248153797
mxBjvIPR,-0.4386896401629752,-0.187013711262381,-0.14930233966291598,-0.463862269044623,0.5519591576926751
n8Opmfbz,1.7643485808126247,0.746585027564203,2.28828344541883,-0.539464578093293,-0.0763427451624168
nOkgU29Q,-0.47137123090402433,-0.45610601326500394,-1.6521785342113502,-0.133712714305807,-1.4735841766075801
nhttf7VM,0.04104058443368963,0.23400448123199802,0.651668840666645,-0.147148144600112,0.5578002278997359
njLbXYa3,-0.3343294316093175,-0.40723327898983,0.236662551676797,-0.5474099488726,-0.315144866261723
nwkIpzmh,0.5771310131303284,0.29305167639070695,1.666484467856,-0.319495058892098,0.6518131594323879
nzB1R9Zg,-0.19915800276561235,0.20103354287184697,1.41446876907578,-0.7806217813597109,0.349758312940469
o1rZRI84,-0.5094072095931192,-0.17945061312542104,-0.6244322388611031,-0.518423097849362,-0.497008592513628
o7q5Mbty,-0.14054009367811027,-0.216615861761982,0.749557122543662,-0.0625203058249513,-1.2032731845248799
oCBvysqB,-0.511382559290551,-0.367033611631841,-0.621138509518563,-0.497281604732149,-0.666195481377942
oDmycTPH,-0.47148944285294014,-0.282206068240531,-1.38075340822871,-1.06681830903252,0.96882226998536
oFAXZvQv,-0.4997757072828204,-0.0761611601733369,-0.29891470102077006,-0.11350853000770801,-0.463182146898923
oHE3M1zX,-0.2266191057810243,0.0933422085135977,-0.285774712861888,1.031181277412,-0.392163615228089
oMhVmSpV,-0.44835922201303724,-0.24152965988526,-0.0841615095251732,-0.339850032510089,-1.4201147048454499
oNsDqVbi,0.08263035553631148,0.488980133020251,1.6085732114112,-0.616605917664699,-0.715392818495582
oYAJqQk8,-0.4069989927999682,-0.755785378667769,-0.74943238922427,-0.8609667250748481,0.396018370634595
ob5Kb6dW,-0.4338577216305435,-0.259431269695584,-0.8044818486517109,-0.544769814874681,0.66370278119299
obnzqs79,-0.460587707070486,-0.34195073544677196,-1.2438093632339298,-0.644406273318182,0.126132920441726
oncLcgRP,-0.3637764243762245,-0.180941294404803,-0.330717172866669,0.0400666542368136,-0.5364808423169389
ooWVYaAe,-0.5197536974855534,-0.455562381492637,-1.68668041680818,0.896495049372253,-1.35170764431301
osdyOUnV,-0.48869606902422724,-0.37272580487801393,-1.69499217075659,0.20755683826621696,-0.0303255481038261
p7H9CzCv,-0.5500517187243172,-0.783875433725823,-1.9682751932248899,-0.14484067089915,-0.9177662663417299
p7U9hVhY,-0.3729372094728074,-0.16498824224656197,-0.670228032015719,-0.298256784557473,-0.0164368404106037
pE6Cf1RV,-0.38653266756335647,0.0329697669220173,-0.0854558595132663,-0.69647100518594,0.8817444398473
pI7qzotI,-0.24930022379879624,-0.0846618958122422,-0.397014747608508,0.25145300243741103,-0.55828291557458
pJrIA4sk,-0.3850142506821026,-0.23817013241340998,-0.0464375652228851,-0.5216899959650321,-0.27276608121692103
pXne2CLZ,-0.5812671651997885,-0.4452235315702321,-2.6014035164919402,1.20678921683455,-1.6310207748115302
pZMcDIOS,-0.4609004057298858,-0.299323161068081,-0.16747434159771601,-0.6550287722696441,0.779474459543219
pavfp3cc,0.21742067387669017,-0.384626762854428,0.443916276465376,0.18741616213650397,-0.7551646803393829
pbQdC5L3,-0.5629519661997033,-0.7054295427594571,-0.504536233959351,-0.664452953587219,0.6210975441319739
pgj7aAFP,-0.3968674053971295,-0.46749159822292,-0.169183531307057,-0.21132073164287898,-0.109034100316619
pxg8G3ed,-0.820059937371239,0.216278595990715,-0.630375163133275,-0.49584530494659296,1.7092508206744799
q36Npk6l,-0.47556905027289353,-0.306676386084003,-1.1506937199421599,-1.06027492110108,1.2318196390291498
q4aDOVvq,0.464332706236009,0.19069944414595702,0.432650422727821,0.5890753969493969,-1.71646410035579
qGmfR9CN,-0.4254500945882551,-0.43792991869640097,-0.895449275637128,0.284989947399773,-0.8500083735945891
qJ51ODpA,-0.3939101626941106,-0.0917905065791034,-1.4187720254229,0.769505266312935,-0.24067964144834803
qQX3cs3I,-0.3022090396923982,-0.38737403907729,0.116595468070824,-0.87604178224739,0.7330014205697649
qXeIxPb8,-0.37656241729058415,0.00906429146611128,-0.35653283631749494,-0.319788521081862,0.5582227605098
qYQ4MShM,0.01462903787211367,-0.11884299978083,-0.0207273311244931,0.6132680832042551,-0.943447790748885
qa0etnhK,0.0009302012262555337,-0.8860337917522549,0.34336490556585103,0.11646498055325501,-0.599899229329092
qbL4sboq,-0.7213645557000614,-0.41710067459249495,-1.27329881068151,-0.7024166368340979,0.807558716928836
qbYrsWHq,0.5102083449406241,0.7269080602129979,2.0390612783568,-0.20593898899429802,0.0236365914974183
r1zmcUqQ,0.5967850533006089,-0.19476028947912197,0.720650010810119,-0.613603707643562,-1.27537916080169
r54iHeQC,-0.3091077353985252,-0.0959851365176205,-0.21977174127833501,-0.5426432077741721,0.561682315370692
r6xrAnQV,3.2441063195413467,0.10776992309001598,1.62422379000781,-0.6625400825297879,0.277928178848599
r9HxnQDg,-0.1615001524596078,0.11143051392635901,1.02927152012721,-0.235662686487693,1.0421226281756601
rG8Puuf9,0.7765981607913677,0.354944719662456,1.39345469802454,0.39223480599959204,-0.6753804218195699
rGuiefuR,-0.284705142679341,-0.33084415148129,-0.39708658956081605,0.049818303334495995,-1.4141069810151898
rJ19OhGP,-0.4448538559223021,-0.0678490421046518,-0.50420152217919,-0.622954260794672,0.9902881274102611
rOCYepHd,0.13120742645463856,0.080692498870534,0.988248779996435,-0.643491165955805,0.729105044534865
rQJaOPFI,0.18368172902427382,0.0723693415857578,2.3825498642978196,-0.37506448725658,0.26038581406968897
rQhZtZeh,-0.24900033861109527,0.10269008116017599,-0.0050601092450902295,-0.7791849104358449,1.05120856417654
rapmok0w,-0.5323191821053666,-0.6212708709762309,-2.11432730292004,0.0197395274455143,-0.0882134652281613
rgzfnPVu,-0.3353014128832097,-0.0403657470174726,0.73015612177444,-0.721057588034875,0.9255741478355621
ri4qhb1S,-0.36443201754292254,-0.048931726104820994,-1.1605057973155901,-0.37923671339981707,1.15854501641705
rqpFYzff,-0.5866441030426,-0.521761763284221,-0.0903917679798256,-0.311202868593307,-0.0402058637493585
rrs22coX,-0.38536626576836674,0.126784448507644,-0.343473101199964,-0.40162581215837606,0.849709105722725
sEeUCQLc,-0.5325102340053132,-0.198910742195298,-0.9879340776794,-0.42412857436149703,0.39121847835071294
sHScwqQl,-0.5257920160447025,-0.093911939864929,-0.359063350438331,-1.04452705892265,1.7405262742366001
sNC7DiAt,-0.6593744409252036,-0.47089984717520295,-0.0813594444223495,-0.5559250207339879,1.17416896776382
sNK2TSs3,-0.3682590802790724,0.27113774632558396,-0.326112758222788,-0.478641139129346,0.642101817952737
sO7Su6uw,-0.5226828457738844,-0.534958875023169,-1.96369366631693,-0.575140933174397,-0.0314170690283729
sOWZx89o,-0.5487376329131717,-0.514217268987562,-1.1977776600016599,-0.6165124671465191,0.629191161189158
sPbRcPjC,0.10709885438751776,0.103143408408054,0.78935774617332,0.255913020312858,-1.12780473258955
scVUfTKI,0.018658119170313014,0.875024477470241,0.0513419755695545,1.8677119845304098,-1.20799011882647
seRaGeVv,-0.438196230299182,0.219255404399123,-0.20117710232803698,-0.24232232366123102,1.25586086270713
sgtwiYWi,-0.4185640906218264,-0.302628959680641,-1.50014470101192,-0.18362163994434397,-0.660562377217664
sjmLHcT6,-0.4847493590406753,-0.350693010517675,-1.0852421550404001,-0.649605292426175,0.29510463024982797
skZUZZGS,-0.4738535564397903,-0.8212195123511851,-0.12356272076504302,-0.36053146429620897,0.564279064511595
suAmzADX,-0.7707538797706643,-0.23101687403083898,-1.2504563320556101,1.8119434917154802,-1.1458910659714598
t4GWLqlO,0.4202086158583729,0.0658736665800133,0.659785478606374,-0.269785236210257,0.36219444398260997
t7gy6Jyy,0.32380422978332213,-0.273584771017669,1.92184548183982,-0.964457331852511,0.538946661855373
tBadzH60,2.0608193968820974,0.0568462834110137,2.2950454236969904,-0.6050843071048211,-0.7445982775780771
tXUWm0hp,-0.18694034421429073,-0.220507219147169,-0.07825619256438,0.650621560936129,-0.8917779162356031
te6UPPxf,-0.45932725277105924,-0.4560261910155539,-0.5178287194325221,-0.38886834283076294,-1.0557955046473
ti2lamkL,0.18609670177233006,0.265879574045207,0.778730416199052,-0.337923917978798,0.666563272821443
tr0lpwuU,-0.5267485340763738,-0.21431374509148396,-1.9183581293521599,2.50355208037399,-1.2745218011793797
ttdB5C73,-0.3365719332616077,0.119494453257764,-0.292527039888285,-0.0842251307825708,1.17421279809274
twS8YZu9,-0.4471768209049838,-0.0890339095574528,-0.939414640077315,-0.792902291554157,0.0270231354568048
tx68W34H,-0.4984610037028556,-0.34717509571377897,-1.2015293386956,0.885682670368471,-1.3989965507194
tyQSX4mY,-0.3790444117600469,-0.24219503174903,0.102469035263454,-0.6713140319382429,0.970233683870486
tylKCRc0,-0.38436268828996667,-0.153788435465838,0.29837985374958503,-0.37407656156381,0.297519967970404
u1544WUo,-0.4725061774916508,0.10922097448168902,-1.6227620513907501,-0.38983727267150203,1.35949218452817
uAw9an0d,0.28197032797430843,0.21598727374402502,0.336199170525048,-0.282329732762261,0.103623639899108
uLZAEXMG,2.252449347186202,0.211457214447073,2.2810510516868,-0.41305475310152395,-1.22916308205031
uMwe1s7I,-0.7446336050889482,-0.428215248077306,-1.5426528430117898,0.595724138166065,-1.0439386999615798
ufhGeV3q,-0.6170608804750923,-0.262407835062933,-0.110577119475341,-0.5133418499299289,0.259860391849818
uhAeGBHo,-0.6308420524345006,-0.8098620950183371,-2.0630388408037,-0.36983171125164294,-1.06870600993377
ujHNlqpw,1.2901737748321143,0.676181867361706,1.68701562540853,-0.33968390134658893,-1.16388625889756
ulV6kuhB,-0.2548717795316957,0.11524749612200301,0.25206220221006503,-0.5011625622742439,0.542379356291551
uohEnNEK,-0.5176058537095383,-0.456021800503386,-1.5213885932259599,0.693566143251653,-0.907108893054608
v1lhA8I4,-0.3165455421954544,-0.24497058445654998,0.84898635289651,-0.7177882500127042,1.1188353087404599
v3JzigLI,-0.5825590090315114,-0.63240892136373,-0.741459398275159,-0.829221170587243,1.24576916645188
v5IwjyIg,-0.44476700756689347,-0.23499092861949203,-0.27957060134252804,-0.405937518487041,-0.76072785410706
v6lp5TK1,-0.28832434452402644,-0.20064131332780302,0.719629202033708,-0.762674309127812,1.4378772917802802
v8vOaaWq,-0.4053062215102141,-0.25455320318059305,-1.29929627112566,0.36279822273976503,-0.0851460312713582
vAYKtoil,-0.747878264922802,0.0536179963993306,-0.29526017477812105,-0.6623239796904351,-0.695029843278714
vGTNQa6G,2.3677004715797825,0.09073587933875801,1.29160544611752,0.5940282397236539,0.4682860725175329
vQzNxHoL,-0.4609276653799821,-0.443858666610757,-0.8225391022851808,-0.638137411986732,-0.761224163366494
vfZGBUJm,-0.2622495511477023,0.0005161883259775019,0.437413697625276,-0.17824782846299103,-0.26917100393689697
vlooVUoT,-0.3387170476939314,-0.237236409582525,-1.83799691709652,0.4399045976772779,-1.24724354588723
vrACvd4O,-0.3254246513003505,-0.22786782479060397,0.932772810008838,-0.430689191373386,-0.33225068477342307
w8hdjLwb,-0.33670977505283695,0.30076331797531203,0.21434576759053603,-0.38004616040071204,1.4273630031052602
wAntv4gH,-0.06411629975008104,0.40615172240463504,1.7301495314345903,-0.6508457640592429,0.615840895305812
wIUL09q0,-0.39144021644091076,-0.282076993420995,-1.65660755211815,-0.863885645353328,0.381656675854104
wOzx7Fgz,-0.39542146232377995,-0.43033638473252794,0.556281757484131,-0.587480022957915,0.235608264946043
wPhjhCJQ,-0.37409824765899025,0.00697745182726191,-0.37267616765147404,-0.580036290239546,0.7763348880390211
wQSWWmYB,-0.3651747215783967,0.0686217229505872,-0.945760898476263,-0.339273474030349,1.2898918742187802
wdIMrXwy,1.7111048135986398,0.0969441798375648,2.1792395055927103,-1.00892987659197,-0.505300198482725
wiL9npQc,-0.47420096081151364,-0.40175844430065205,-1.00042044529617,-0.6718254511988809,0.36973010925037897
wnU95Cxn,2.1751035809257377,-0.129199353314882,2.7856209881308196,-0.6355070715707359,-1.7667263807991
wpJbbjJs,0.10745438312580013,0.0576530888954211,0.7067857643396079,-0.261487579095448,0.402842142152188
wsOWTAbI,1.1013735856475382,1.19513955235427,2.4311765906260403,0.90370035005555,-0.45947717225586293
wtdBcU3U,-0.34646581509644925,-0.386874426720395,-0.0659430584007337,-0.7759088250289159,0.587190940198782
wuKXVxOc,-0.477467861605815,-0.30941261572836,-1.6945897832620298,-0.752275507984307,0.957046715597865
wyzadAt8,-0.5048213517247273,-0.260596685617106,-0.917404469822517,-0.8812365217092181,0.835837474169696
wzaKzYwi,0.045486808246609556,-0.550118141883913,1.59678779689855,-0.7148292008215029,0.834004259001088
x6GCk4EV,-0.2636203047680379,-0.17688117142954,-0.0496058397280727,-0.47822909290793897,0.393344608231439
x6lUi3vf,0.19461873358835824,-0.152664105335367,0.9192362846166691,0.376128292717965,-1.24389774911678
x8mwDHv9,-0.28136711585392327,-0.27804241967217497,0.24824832769977695,-0.264722422748757,0.0818679880285006
xIYm6puH,0.7255501736668197,0.14231650127381199,-0.5753978268297929,0.50195687398202,-1.64733638974758
xO6UdpsK,0.6491959089730148,-0.795067384250417,-0.44769480070861695,-0.25139961136241296,-2.0887353091646497
xQ2bkOvj,-0.619827809802187,-0.480655629807836,-2.6892405388850498,0.276777374044635,-1.6395533171779901
xeXyDCEQ,2.6597251157359683,-0.24316570823501601,2.12593797905328,0.9836291136528209,-0.6671177897413672
xrggHziO,-0.2013124915706026,-0.278802022364949,0.0536725944234344,-0.412048375080904,0.33958777618649294
y1WMCmqQ,-0.42752481039093304,-0.45989746195555203,-0.537552804231535,-0.405047291546909,0.133717216888874
yDngezhM,-0.31069989711664725,-0.295157930107458,-1.61293788630803,-0.841332548039118,-0.378288839663744
yLiFjMD0,-0.5238991759804872,-0.14060914353991597,-0.337720377471945,-0.565287359508044,1.62315078124935
ySwEBO7w,-0.4798952794473603,-0.28629599116040805,-0.529515162750057,-0.082470803536926,-1.2943728465881599
ydC9UsSm,-0.45972044413468716,-0.244991266356055,-2.12652370153925,0.899173031187253,-0.17447225173032802
ydEG4VBd,-0.44898288086682037,0.144114942783236,-1.2753374273337599,-0.147751641733887,1.30266915129474
yf76yWXc,-0.25806924699401,0.8912577107932791,0.953321108149945,-0.824817276582308,0.21632131740069102
yg70e63n,-0.3760335340223815,-0.12469626741479801,-0.493778544657447,-0.19911396582999497,0.193385295568517
ywxtlSKv,-0.6472041392758552,-0.32061128217788104,-0.8680426076513629,-0.528809289191001,-0.0534333532199682
yzKPQPOR,-0.7056221937856986,-0.43159054580703105,-1.6788530823281598,-0.0981386821424324,-1.32618554114651
z5cnOnZ1,-0.3199250531044395,-0.426542845176464,0.217757149847609,-0.4597299475068621,-0.40688126708153205
zFLkOE0e,0.19706731850755155,-0.22167090141496804,0.491701694493596,0.47568616455377005,-0.9684306200113649
zGi72mxL,-0.5198733214334066,-0.448842717637894,0.7455144489175992,-0.22334072206857997,-0.773879678306109
zN925UV3,-0.4392123272039594,-0.34535067476211695,-1.3733545951689698,0.18565623077073,-1.164366073422
zTy2ih7e,-0.4415482108842621,-0.4864369906371721,-1.44253707059527,-0.8765298434291309,0.957923166942749
zVFzAutw,-0.38737055997779457,0.0328901843516958,-0.529752422341202,-0.36498225205438,1.15308011880736
zYxNAkht,-0.5358691198431966,-0.277269059441201,-1.30657973978007,-0.7524447732046909,0.625513463151112
zaWDBai3,-0.6110783004970113,0.11198936172803899,-0.807876088136539,-0.148075187224513,1.43825764794956
zg3u0Zsx,-0.22833274058558395,0.0953640150664479,-0.400808481123616,0.0521929143013212,0.443587791714492
zlwLfdsS,-0.5742901859951512,-0.30852393145452,-1.3035988929347,1.28706124242468,-1.3464085315488001
zmbKzVfl,-0.5371044517153774,-0.532855384478564,-1.7764709896803998,-0.339724216144327,0.21811512324668303
