"PIDN","Ca","P","pH","SOC","Sand"
"09gt9UK5",-0.583186863512646,0.132128044498626,-1.26292910249132,-0.528869121618752,1.70611172614736
"0BVvxJ6a",0.289149118887656,-0.193368750073053,1.094785130914,0.273237565775471,-2.1428315313816
"0KbdgApg",-0.0446637449861475,-0.440130681837634,0.0381889487113599,0.0991324995141924,-0.649300239753499
"0MnuuduB",-0.404333158562575,-0.379545962910708,0.0413727374162376,0.599447626416099,-0.671065073046864
"0PcIsF9z",-0.479503771640967,-0.227843032751475,-2.10183725588318,0.199595830913759,-0.222986400816551
"0ShTFLYJ",-0.511209454234128,-0.812464685764903,-1.30304888426962,-0.921355813570015,0.370159160720362
"0XZh9jka",-0.384109691315057,0.418805657612816,-0.918521589750643,0.681163285873332,-0.977557063326947
"0Y7Wegri",-0.2998043044488,0.533538466453826,-0.127580574119992,-0.0672131428070741,0.035038313965945
"0dTqplIM",0.0129517877100285,0.141659483602941,1.03601424413187,0.25216855052427,-1.07415740458953
"0lNiZicC",-0.439534541099472,-0.16935719723919,-2.84087377382564,-0.882397647061922,-0.131204022973413
"0rGeJ0QN",-0.486169697075084,-0.0421792649016776,-1.05234780681522,0.347371981278816,-0.467229861390658
"0sXI9ytQ",-0.666169893928042,-0.142231444622209,0.345260575561325,-0.850823172695387,1.49245455477887
"0ukt4aP6",0.603815918108334,0.194318647607107,1.70791007918306,-0.87311965304742,0.888991922575262
"1AGspb8f",-0.354317475333705,-0.484736255514019,-0.901051891777623,-0.0136506946478523,-1.47276712230959
"1Csy0gvE",-0.513218822541302,0.0571624647284478,0.31104640822026,-0.587215145835492,0.805880127057647
"1Ic2hly1",-0.308026036054113,0.53468256661305,-0.44106535193337,-0.0628945877704486,0.859819176837866
"1PPbaTwt",-0.460691019378772,0.348694800969339,-0.721064720123239,-0.45889336198124,1.53021747908568
"1SO5VJNy",-0.283280781005403,0.0243962968033089,0.0870338177244243,-0.41382785589005,0.432730347713262
"1arHxK3Y",0.893956153560751,0.204054579284714,1.70837709425748,0.414990343469111,-0.153969723426196
"1fCW4Bba",-0.497288798924662,0.660791802490821,-0.509749524982456,-0.332891853373947,1.27444878834964
"1qDZNvIm",-0.47014649796337,-0.486029294583437,-0.268250802253295,-0.880533351257263,0.892617069325209
"28LYJC2V",-0.377589051517047,-0.414297937375277,-0.963220793075287,0.560457126428795,-0.890664998865557
"2CzACvQq",0.556170332702076,0.985301008597415,1.98035143027087,-0.36153577599403,-0.181610938527317
"2FT3crfv",-0.381626755993717,-0.133686517858122,1.02756400140865,0.250267795322313,-0.649897136843535
"2Fy2uHVg",-0.528879423319339,-0.0175626870216069,-0.451776492046582,-0.330694406957666,-0.611181303795727
"2MkMEApm",-0.451528797609432,0.268272566318471,-0.36955363323438,-0.553628369137964,1.65917455569923
"2NDGWEOe",0.917086889219223,0.302467338974664,1.73437813769379,-0.707226644830546,-0.750285686793884
"2NyyCiqn",-0.260170685496906,0.0272815754395243,0.0967554465885373,-0.423528908101149,0.506165312929791
"2QRzIb84",0.0457131738767732,0.692319824061683,1.97652702472555,-0.556043184995676,0.58553794182659
"2QcbdrUZ",-0.571297280195566,-0.689183760563862,0.336392130550554,-0.335930346049511,0.606384380831171
"2YgAimWK",-0.370821908598587,0.30967289475416,-0.0996229793250846,-0.495746572867796,1.50240999145308
"2cx85d9H",0.131013117346739,-0.395198638534239,-0.0872570223546459,0.208396996237826,-1.11723255122419
"2homMXMV",-0.406263237478604,-0.115475960101764,-1.79796487479709,0.137559075658648,0.393813267522385
"2ldLrUtq",-0.416465892618655,-0.191865637689666,0.522032745541466,-0.475413798285112,0.011734094207425
"2nsACW6G",-0.114303423744768,-0.660528897113052,-1.85501904025008,1.78492973277208,-1.15798793396741
"2yMbVnWc",-0.293137333615425,0.474899734901949,-2.32800706290358,2.15149113863459,0.517899041033763
"36r8sgGQ",-0.293772747485976,-0.227592577005817,-0.0807226944476347,-0.624166243670246,0.553348532182411
"3NXAXCl3",-0.540119361851055,-0.63412838571092,-1.65823954092415,0.43937215413952,-1.36953968913343
"3QG0z6fl",-0.504871606209562,0.159931384116579,-1.56567653181597,-0.498740527787896,1.40707158708763
"3WS8R9qm",-0.632576863982237,-0.222439653898469,-1.7381963127872,2.45638938052389,-1.1622727442691
"3fRLm8f5",-0.261593339984937,-0.448187164046949,-0.506857369609119,0.135707452535709,-0.0908818891817439
"3mZhp1nQ",-0.530470445446702,-0.643251617225046,-0.33183260553163,-0.542835459228092,0.838560830724603
"3pikJXRL",-0.521474370857795,-0.774305072301023,-2.1265131110815,0.507219567402366,-1.25824469913843
"3pxOEGHL",-0.339144294270622,-0.246785788286307,-0.516177088498447,-0.608427035790694,0.594841269667452
"3ttdV3f5",-0.324165067446485,-0.609247941977157,0.677463637036541,0.320973477307855,-1.33750193857697
"3v4X6Mfe",1.16588889251217,-0.209103070406711,1.65658143235605,-0.528124296912187,0.731547390325343
"3wORuPiv",-0.5174330522707,-0.146303947245153,-0.314349931719156,-0.296072503579387,-0.443669074503211
"43EfrxZj",-0.0225582797639162,0.215771203823243,-0.418145312412988,0.231244837456972,-0.188228107817065
"457Vwm21",0.049593608044645,0.312909420574676,0.0517257071154622,0.537141160612163,-0.860880638837295
"46KNnOdx",-0.432323688628194,-0.303454531662395,-1.00025902430097,0.203040146371791,-0.326710080443115
"47TwNsVC",-0.361640623535576,-0.788511916873123,-1.59591236702234,1.32092470844722,-1.2183884684696
"49856RpO",-0.408622458548487,-0.422572981996362,-0.819156753298133,-0.486412189726792,-1.06052115505725
"4Ane1o2N",-0.419074189713065,-0.224504129938302,-0.00559342321162926,-0.380484996296212,0.0910034044109514
"4AyVUgSc",-0.471067564486733,-0.374825837410553,-1.23205627541162,-0.815808510407401,0.244503059633301
"4B1951On",-0.029197340775924,0.312919044360828,-0.15769806598459,-0.0299549963632166,1.03488883304064
"4OL39Teo",-0.0420126208779504,0.384920151854802,-0.175376059315684,0.331541021130496,-0.0197744042990391
"4eQ90eLY",-0.0550330358055088,0.432213912636723,-0.00106927852454514,0.515796426584101,0.245123335204319
"4o5jwMj8",-0.190352171877997,-0.386961777482766,-0.49827472549642,-0.691904184727176,0.231154014578044
"4vPgpl2c",-0.423305605834679,-0.177472295394001,-0.333991680295111,-0.860003751845603,0.315083957334575
"51r9aA0d",-0.453582675137506,-0.406540324844469,-0.27475533463781,-0.77499853963575,0.389942277023513
"58SmeRoP",-0.237803242174966,-0.0698627265145875,0.280759807541437,0.0192850875628142,-0.662084876225815
"5HJp1AXn",-0.423255337802357,-0.100390582786626,-0.814910974181724,0.554202918720073,-0.0109238012015132
"5MBZW7fx",-0.171431142213421,-0.596503420563248,0.92264489532951,-0.584581020978898,0.243064909956068
"5Nq3gHaP",0.146579594792376,0.703482134653164,0.058944738237898,0.743519658153616,0.257793531771006
"5RmwFFK3",0.505379025742516,-0.165877487230529,-0.63561413437363,-0.0554968150129169,-1.67139720128603
"5Tu5Jbov",-0.465782560248015,-0.258865536440667,-0.299044881617973,-0.208275222983987,-0.367177607305545
"5YEolkev",-0.373702114903421,-0.306718052654697,0.16673157079888,-0.417350683559041,-0.365082368406199
"5a8sf6QV",-0.0313034154596755,-0.258000308029798,0.599292088978838,-0.0159551013202874,-0.76278525191419
"5eSvmqYm",-0.329533230765644,-0.478097384991006,0.295011205759707,-0.345613811002354,-0.78516557922652
"5hkN8fiv",-0.260470436801145,-0.243161807981531,-1.80415786531999,1.08155431264528,-0.793420684689006
"5oK8Gti5",-0.585335521342938,0.2237879539617,-0.547023583145954,-0.506681851982298,1.76277252113507
"5paniGaU",-0.48611025043573,-0.376689914479109,-0.948251900133095,-0.857951867546179,0.954383568195865
"5vsr7ZUP",0.543368011713858,-0.0986664953619554,1.12489049710889,-0.344056700188037,-1.46490566827848
"60B4xMWI",-0.4456839180496,0.172111175654184,0.666943843647402,-0.765782863914814,0.829522977824638
"64jOUtKy",0.10488798516344,-0.100680330997252,-0.652699912106544,2.08501056395643,-1.50912682887883
"6AJo4xNG",-0.412301856225107,0.382572500812604,-0.645257111041813,0.0697296631984428,0.743283329154003
"6CAvhEte",-0.343893649918458,0.111432574279168,-0.900704372568915,-0.243517991096702,1.21475112393946
"6CuGYjT5",3.22601592815133,-0.752173546538247,2.11731154184987,0.784829966783918,-0.862906274131262
"6DGH8ujZ",-0.309772878447557,-0.201839621831701,-1.63561997076484,0.510546017214722,-0.649582668079527
"6PzsGdVm",-0.313596494296143,-0.0941412552490305,-0.922521915086376,0.539961477253755,-0.657829749129557
"6UcSJMbq",-0.586095219263191,0.224620304377759,1.05342438555742,-1.00598224569538,0.365614426741234
"6WJbkH8U",1.28907834912101,-0.37576142856031,1.88539157008746,-0.0512481918518557,-0.954841882271864
"6eUWsVzw",0.437078519345085,0.0596626924544206,1.22696753503971,-0.192370848139815,-1.62025168864065
"6gNyO7Do",0.162869458317567,-0.259881083556841,-0.103108927903321,0.550121342304259,-1.04735044468603
"6jT0AyHe",-0.0922774980191786,-0.10068752284452,1.28573419362033,0.133397078808078,-1.02918443625121
"6nBgCvWu",-0.432429645287734,-0.516116807085545,-0.366663225488122,-0.442804614765986,1.24545035746489
"6ro5mqg6",-0.432642081784325,-0.455688758211694,0.266004362487171,-0.423650207534997,0.216880653459687
"6sGqObX4",-0.519566877538049,-0.537419777311672,-0.651425870141924,-0.44968552750269,-0.86261752387494
"6uEGy0n4",2.22925239427227,-0.173151698096626,2.1975796716312,-0.760171266719034,-1.09041926710199
"7BZ4LxP8",-0.00969368627024715,-0.440974641081412,0.227563367600684,-0.38653491090148,-0.223097569133076
"7CmigXKi",-0.346233686889456,0.140907190055118,-1.25034671806576,-0.33245083407665,1.21702708604129
"7Ga0LpfR",0.190068815925677,0.580747518593963,-1.67594358318413,1.93287565296374,-1.12834000617758
"7PQsFvsG",-0.325087981820014,-0.296120721211238,-2.47360054217551,1.26670860884069,-0.761235309411129
"7aF7nnwn",-0.664662029260263,-0.359691886753836,-1.14292711983674,-0.925811140415427,0.942254375553459
"7asGzfX9",-0.240052381899927,-0.159404138609734,-0.335481218727299,-0.26437510007776,0.229933854899503
"7cg7C92o",-0.446189470117078,0.178508768997837,-0.129331150455276,0.693461858325378,0.470910696699032
"7eOxTpsB",-0.421313511056723,-0.0786615913797441,0.0396222191988194,-0.647868845106213,0.972551456131971
"7ey0v7ma",-0.552921134911148,-0.738046567951123,-1.37297555817196,0.00852662951914432,-1.38466570342561
"7gocyrYl",-0.259336534312962,-0.00334343624369115,-0.132799440482721,0.78524043003925,-0.184656269303848
"7gqR3GoA",-0.395479098941677,-0.24663961742409,-0.840319506212412,-0.38812292792945,-0.729509622958264
"7og7aUXB",-0.283082987066335,0.0453723721452907,0.817771433243721,-0.0944012047207179,-0.215889239588339
"7onRfa8F",-0.128123233414896,-0.0647588694460574,1.35305120030958,-0.397651245344963,1.14560375637049
"7umkNuxM",-0.17217391501398,-0.123298771039277,0.228409397170546,0.336815480758791,-0.728786234547094
"7vPr9ExD",-0.005123652811182,-0.397303147788101,0.242038593394115,0.010378485438546,-0.7538524340862
"7zNjpCzu",-0.428859660595377,-0.293896062472144,0.0202858825914986,-0.183236730721394,-0.867178936821053
"7ztsQNj3",-0.509273194762595,-0.2143244241761,-0.228150040636382,-0.18610149500441,-0.803067641323685
"86gppwMI",-0.406157836442387,-0.361237060103332,-1.44391202877572,-0.716955452001209,1.42420881932693
"88thAGdL",-0.232270756877996,-0.271500480651954,-0.325790504582804,-0.387036975024254,0.180827889771974
"8GhU8STP",1.1256104779981,0.219995875569056,1.59745612539131,0.460014067203847,-0.657531761270472
"8NlzDcWe",-0.460927935112769,-0.165050610346575,-1.81532317243612,-0.780309337888653,0.147147194403299
"8QAejdLW",-0.110969756899883,-0.332070778227245,-0.0370231998074164,0.127985730875074,-0.825749361149971
"8RDeFxWM",-0.263011130967924,-0.403596514546748,0.0574488549390039,-0.77083290963114,0.860868922797747
"8UXP2NBS",-0.443625825193627,-0.589686016918259,-0.721437656249853,-0.42665089848344,0.0859926655923143
"8ZoV3KGT",-0.361143155100128,-0.501795963674148,-0.0533407663621743,-0.54976620311124,0.0387989250102171
"8ajs2uG8",-0.419872623303676,-0.38023201879721,-0.658142107010912,-0.430206442950069,-1.10585041746768
"8bXnz62p",-0.451364397131229,0.195027188131218,-0.0747006804828048,0.363668902494693,1.29076730384646
"8nO1O1LG",1.79364145483619,0.783769421868682,1.89386142667678,1.46005864681355,-0.808955081689489
"8xE1p8g8",-0.365908727746878,-0.0366082185536219,-0.251154609224444,-0.299373062481124,-0.166708547009655
"8yMDVMRM",-0.409314252565704,-0.345653419447956,-1.25509868368869,-0.476045768663321,-0.809090136633601
"98R5VaPi",0.511070502438892,0.330299321110126,1.97314699189303,-0.911645225832681,1.33682294617193
"9DcTz2Ua",2.66341650770683,-0.430469302152108,1.93392394378162,0.618779909314293,-0.582719106037564
"9G7nfUrK",-0.405909861033457,-0.104331202604613,-0.598893737843008,-0.439093585529998,1.23459674478851
"9O6GZ1HT",-0.422366807858753,0.645509514522498,1.17507249475989,-0.884632838426093,0.0910071544429254
"9S7fCoAM",-0.585303287684997,-0.659179235709039,0.181268257886501,-0.231820010992044,0.927018949910219
"9iQwmFJR",-0.341407488795302,-0.0279140817390855,-0.492332976395536,-0.408106355463252,0.971646658569337
"A3Mt6SAQ",1.29517477728278,-0.0276565716633324,2.38405663607534,-0.93798463710697,0.338190458307311
"AJIsQIcV",-0.378554483618911,-0.00501202018606921,-1.10850185212877,-0.258617004599942,1.19309112893909
"AMHKXMh8",1.93881270625528,0.632975363524216,2.11603662984692,-0.589432625286556,-1.18401090534657
"ASwA2J4E",-0.202440310064506,0.0251776527568542,0.361642870509987,-0.393359472753231,0.410566710221867
"AaFvEoHq",-0.378800375500301,-0.266351792246576,-0.333604855104535,-0.858045540847564,0.700041938802263
"AiIPD6hX",-0.0872774132635379,0.168613734222574,-0.494198879198446,0.436199326326091,0.171871922807261
"AsIURvJS",-0.493182836353645,-0.153094423660856,0.257602409981624,1.05462280796802,-0.837166793939739
"AsvgbJ0C",-0.156139717442526,-0.100925296320584,-0.900838537098783,0.784760643247325,-0.282705920991391
"AxEhbkCM",-0.28237343697428,-0.297228889475307,-0.571319686615669,-0.499062962589123,-0.618950637876694
"B7VPkIpx",-0.608009254942626,0.0744023852382066,0.681153117992532,-0.914919531415902,1.38797008125965
"BBwHqHiH",-0.0171812423424125,-0.79845335115627,0.622086914894382,-0.184343626995356,-0.608310219159191
"BMyps8hr",-0.12138780481303,-0.530859253962577,-0.542300224190252,-0.0824830388913362,-0.800911544999487
"BUHS4dQw",0.186243372682142,0.298525699817661,0.401508616375223,2.82312484908178,-1.00067145222519
"BZB3EYWQ",-0.246972632635272,-0.108099536231796,0.142764178697008,-0.446305952395687,0.70299061613345
"C5UPCZcL",3.51961993850369,-0.329098312495836,1.91192363587301,0.919684515720868,-0.74411925850103
"C5gIfQbJ",-0.265621431959917,-0.559743870505267,-2.20517694712956,1.25833454176935,-1.26162529854888
"CDRuu4Pn",-0.58427800124891,-0.105929300678947,0.352168303191094,-0.764881683377755,0.961127676923664
"CQhTYkqE",0.687227534008734,-0.0588016091169179,0.698886058907943,0.463043226746925,-2.38934992597547
"CSEobMXv",-0.534505247842093,-0.185989423705515,-1.9721992769692,0.571239869519997,-1.07817527804194
"CYMQE4x0",-0.0940169635828123,0.815930426325481,1.32538682028467,-0.103603225403712,1.04163298104417
"ChQdtl4J",-0.399749996639117,-0.954268495347304,-0.325698806374484,-0.526777596762468,0.432680451269701
"ChnD1nrN",-0.392458346438956,-0.267529568432108,-1.70992766930063,-0.948489857113294,-0.123544588787606
"CvtbbIcq",0.942389041975961,-0.209498680366482,1.79535621497543,-0.354861292192757,0.498256714929269
"Cxk06b77",-0.253473061439532,-0.189271005572087,0.130964288590559,-0.227263897424475,0.507272727056482
"D3QD3ZEJ",-0.140241515057363,-0.0167921351092314,0.707576685154878,0.382599277912172,-0.100580752253606
"D8J5C6lA",0.701203781724473,0.447104987455142,1.31125274283184,0.259208017340879,-0.734104437852836
"DCeQwYfT",-0.364665143797629,-0.055847142519384,-0.280758848132053,0.101524090842413,-1.2476567790342
"DDEftkx3",-0.464250047298834,-0.240609258632301,-1.019019057582,-0.703192285403643,0.987503456546713
"DEwCfeDW",-0.685326025154281,-0.0242474856308336,-0.912839929670016,0.0147132922860607,0.988048648627612
"DMkIV4oL",-0.366893519181901,-0.393066880088613,-0.797772031310131,-0.585899209717946,0.166906606883424
"DnzGfbxS",-0.110815189907774,-0.53789868814349,-0.0860620353061709,0.135310799464061,-0.641063916950804
"DoZxo6f6",-0.347670345204044,-0.519434670089909,-0.20267825775369,-0.893803227740807,0.521365830510424
"DvhBPGIk",-0.413209419029283,-0.413072399116517,-0.329745689634027,-0.339750475398597,-0.454274527848499
"Dx7GoUcT",-0.531705368879033,-0.507658930733509,-0.384532576982022,-0.605447919002468,1.23709601047917
"E5hIjohO",0.735443362566612,-0.185037256551246,0.0012244930147303,1.25190212046017,-1.35173049385264
"E6x4XGHt",-0.47105044394067,0.23812711940534,-0.584685358975374,-0.355159751246166,1.48362611692987
"EDEpAzh1",-0.418635519193866,-0.410534258144413,-0.463121528816222,-0.389964630074655,-0.820678565575633
"ETGudkQt",-0.352952798835061,0.117320329145011,-0.137587033359635,-0.616324916105836,1.25215393429439
"EUleKrLJ",2.07588549706085,-0.377477847786227,1.80095474907149,0.471424754319358,-0.154963897871782
"Ehw2Jz6s",-0.322253374170132,-0.0721477349693508,-0.36684825723897,-0.574504467079944,-0.309205052305713
"EjqzC4zH",-0.630373843779833,-0.156078688195731,-0.0488702379379979,-0.93078329188229,1.33195434289836
"EkMZO3Qj",-0.439130613907752,0.147662508911587,-0.415301989361136,-0.610174948148525,1.23836379113529
"EnoNXWvU",-0.647654670814436,0.230186405442012,1.18347534750171,-1.00421505212674,0.357442963157794
"Epv8ANwr",-0.264436885936067,-0.221396565646555,-0.00321522448742467,0.506445146959946,-0.583953126837366
"Etro9j0B",-0.537565478116787,-0.302824430285186,0.31087050264524,0.145103119699579,0.295342038924648
"F3MIZj76",-0.314884614803552,-0.411183341090317,-0.549665920414921,-0.0612759893666442,-1.05423510771936
"FB8tU00K",-0.342887070537321,-0.370223798701332,-1.11423388050046,0.415346616485274,-0.785903214878961
"FLhxBGMK",0.342489915786064,-0.187633377063444,0.64644461097325,-0.194905815967251,-1.14413914819877
"FRreR8ka",-0.275531100239158,-1.02248413928027,-0.288281631456265,-0.278418055381742,0.238030443361752
"FXne4oAV",0.354331762019838,-0.335678719718094,0.823259265189983,-0.28952018078731,-0.883692162091936
"FaW764jk",-0.53627539906451,-0.238840364551561,0.0302563601536544,-0.3952125584497,0.630218863257217
"FeAbMXly",-0.352039969056467,-0.379830822657268,-1.3318298896724,-0.646277821145327,0.470920120946469
"FeudaFXn",2.24940884339938,-0.382451863824497,2.30214298106931,-0.87012112798058,-2.00774319861325
"FldUmFeM",1.35065541024477,-0.127722670237322,1.80281207288716,-1.03872514358711,0.525368541500013
"Fnv5tfAm",-0.363159975493002,-0.345862754427679,-0.0558464381451936,0.0522104968606387,-1.40930458524266
"FvrAd3Or",-0.53090284145383,-0.0422436188924216,1.01297886810591,-0.723532159179558,0.700272454341396
"G48zHffi",-0.194257455274259,0.520834664919244,1.84866682014571,-0.717740171915231,0.847059393761613
"G76zCv5N",-0.461763808486482,-0.249616974935934,0.00629743875006757,-0.322746132688215,0.0457567890705129
"G7JGUdNf",0.030770770386555,-0.369550761758106,0.604537078167229,-0.211469601083712,-0.782502303886829
"GCo6MONx",1.02124009723523,-0.00537181574789702,1.5884118696649,0.629428635116162,-0.624371652981279
"GE0vbpVQ",-0.283874913284602,0.253636316130347,0.127328041789816,-0.320209428336686,1.20393871552277
"GN0DfOqt",-0.453545256819914,-0.184421237572181,-0.297441101194162,-0.455610261249567,1.15588557430461
"GNsTAb1v",-0.595731152195983,-0.414609794314272,-0.100460677505597,-0.370669474957589,-1.23169271806724
"GPwmO21z",-0.317691623447006,-0.428634757939117,-0.486994317219072,0.103943586174918,-0.909496655278124
"GQYpfLoh",0.457884528170458,-0.292831610166571,-0.917707500011214,0.359324213672214,-1.44627548027456
"GR9knT8n",-0.344005913417323,-0.334853865545553,-2.25988804437979,1.11205509064377,-0.835248192880551
"GXtFFbZy",-0.0251743497322678,0.206084911418286,0.747918749695447,0.0494818738535123,-0.22282136068339
"GYvzvvFD",-0.471612817018171,-0.7221019093907,-1.37039751241575,-0.734149963972492,0.412404002054557
"GemPjTJ9",-0.535177266060072,-0.557733247641606,-1.69162292281492,-0.202829223503159,-0.94230281183374
"GkLYRm1K",2.44358786379146,-0.171717182055966,2.32310293750899,-0.780756470125552,-1.75748294371369
"GmlqP8eI",-0.184835597579492,-0.568748596879532,-0.872697902394142,-0.452434412233909,-0.294404084749674
"GqkIrOvf",-0.368436776017399,-0.390323744293814,-0.985908431079346,0.413692674184637,-1.12518592387341
"H0fsegPi",-0.531287766165978,-0.237276189137219,0.165259239619678,-0.410898480804893,0.372331895873724
"H4dHpJjU",2.24619218058857,-0.0497978196466453,1.8519147881985,0.581707373101519,-0.283809174015075
"H5QwJCuU",2.13468740172739,1.10319856036072,2.38014670750456,0.228888118125036,-0.475911209986077
"H5uwmSZ0",-0.381592454356348,-0.184392937097619,-0.594711207264025,-0.667402386755985,1.06693689328051
"H8MtbVoL",-0.137777782351913,-0.56958859579019,0.0129148697526275,-0.499834244479762,-0.146380281293657
"H9JrUYnp",-0.256579016136306,-0.951125594109827,-0.202670195006016,0.00395785967141386,0.267211045817424
"HHYmmHVk",-0.667138822369965,-0.223292657854147,-0.343076390399941,-0.96087171836784,1.30200540500617
"HJ5U4uqL",-0.598801630694408,-0.524198648950852,-1.39182707913743,-0.588348151842657,-0.562753926268758
"HNQxYc4w",-0.136214108439705,-0.51993502202376,-0.49143200787997,-0.539830921147637,-0.492457262687437
"HQYhKHZ8",-0.321744653444924,-0.230023150272384,-0.414787881878245,-0.333233403295944,0.124328795157001
"HSCMx0MC",-0.340878484099121,-0.465791001986141,0.196036909049814,-0.782686999909566,0.873462347214356
"HXYuE0fx",2.48117930800559,-0.538102540168735,1.62730498464023,0.114899447159226,-0.871663029844037
"HdKcxEWr",0.11058739142548,0.817873446757938,0.201908849289113,0.392437635083745,0.662998442074206
"HecW1iCC",-0.549061297673692,-0.31611773874562,-0.312017107193354,-0.763401989931306,-0.730387701905636
"HpbKB8rv",-0.631476150711082,-0.939790766726488,-2.4116604575715,1.39287850280829,-0.814807643497877
"HrkoYjCg",-0.0610322670386147,0.477937248374491,0.260794921028043,1.08915718009369,-1.1245573225139
"I5P2uquT",-0.234330886735184,-0.0857275641766653,-0.358792126271063,-0.319607065076727,1.11237216981214
"I94qkDM7",-0.461563939918658,-0.483880545050303,-2.04889415316992,-0.864695386141629,0.509201323060863
"I9sQbtt8",-0.325777149182035,-0.330625280101244,-1.59586240665048,1.97688014881152,-0.912286721669786
"IFxgw6ZX",-0.357937037971616,-0.302193337563408,-0.460790015065216,-0.429786057630893,0.0116393996037939
"IPPPSyoU",-0.402198481540584,-0.403235200116598,-0.91278630638429,-0.229712243585817,-1.04436482713652
"IQOYQubU",1.73712529301208,-0.0209145893792708,1.53403334106276,0.096053043620741,-0.451550760056777
"IYNE2SxU",-0.466453357282041,-0.375326546101021,-0.109381923777545,-0.173221079164251,-0.923476644925119
"IZRFk9kN",-0.196394134481747,0.127027510321939,0.0189924396495657,-0.244152945443493,0.355884334659352
"Iaq3v0t3",1.33502347530168,0.306196967279769,2.27930385576723,-0.931782260316309,0.200280882542341
"IbVwu1t6",-0.370995041110616,-0.309967603549151,-1.61182512439796,-0.0691262600592551,-0.508698358243143
"IcHKTLyo",-0.00687086965551764,-0.183691127755,0.0822191976635908,0.20737793550509,-1.0067600056368
"IpW80wVB",-0.208022231254535,-0.168129826959374,-0.384740732343533,-0.203859655553298,-0.522162594668405
"Itb0PYUV",2.05387285281498,-0.00741183334163612,1.8460963318394,1.06487246763604,-0.599790813446432
"J8fpSwS0",-0.502425245995188,-0.22200135062207,0.431290151970135,-0.907670039422117,0.991367332096018
"JE1SlbD0",0.503505270083687,0.708941860346397,1.02129746948687,1.86942011118726,-1.32911516333048
"JEB4McNb",1.23110446376794,-0.260026176335824,1.73353768694012,0.00886387867848363,-1.08491171235324
"JEE4QVeQ",-0.327757595404191,-0.286300977161632,0.0591139900035991,-0.456152667631578,-1.15111398219738
"JJSEU2VQ",-0.432690025784913,-0.174467256730007,-0.471825103528503,-0.585869164516614,0.683562118435732
"JSsVriP2",-0.423459302704762,-0.216771314750155,1.47314162662341,-0.576025121702805,0.203753230102141
"JUvQNiOK",-0.0670475905174128,-0.119459924325156,0.162397246192992,-0.17785935297622,0.403783530739313
"JZbrRtm2",-0.34021443811963,0.181172003596167,1.34658929665222,-0.897817097524484,0.330491543413939
"JcE9G92B",-0.136319225687205,0.41581114341005,0.0379312008109641,0.604968663370908,0.130435560134959
"JnNYpXHr",-0.000927408498075626,0.74318157116047,0.274174217121664,1.64575205516439,-1.30248738528755
"JzpbnOtz",-0.462660483950304,0.127263128679308,-0.989484584051228,-0.720323520486306,0.785779045402217
"JzzUhPQp",2.39597143463133,0.288217441072433,2.33489453808307,-0.600678765136347,-1.66584397665134
"K05R8dQK",-0.210400592774474,-0.120481574069117,-0.388599671361338,0.54628463241237,-1.26807743841389
"K17pG2mG",-0.195210510895564,-0.281714869355768,0.75337966866127,-0.705054127941672,0.386403766575025
"K8BellUe",0.00701350383923234,-0.800780259307521,0.759074512308299,-0.491230555718779,-1.66459212842972
"KJ2eH6rr",-0.293504370106247,-0.772236604437604,1.1179034780008,-0.617276267681612,-1.62466946241176
"KJEJ6Glk",0.476221365728061,0.376236819506679,1.04476387463878,1.31151454980038,-1.44337131714583
"KSbO0oXS",0.316311300923474,0.573691939066825,-0.465335814132826,2.83987475481403,-1.96928413595053
"KXtvmd01",-0.440908591676122,-0.359769164452215,-0.0660358521000704,-0.451189498397392,0.345239405002451
"KYiJqBuJ",0.035243548904133,-0.412314547019343,0.933743994440207,-0.700976609083715,-0.855358069661231
"KmbAyTcE",-0.184592522794315,0.0673944323637273,0.431483236585974,-0.312918479527112,0.388559123808612
"KnNyl3rV",-0.234581038470262,0.160082859380618,1.40603040962063,-0.498319239438549,1.10194965218096
"Kp2DG8TZ",-0.593238147114799,-0.307653363945988,0.0987843529432816,-0.650124311182068,1.20340586252365
"KqQtKWs5",-0.63672312545126,-0.378910956491774,-1.3218817969438,-0.617052757981976,0.399453714814775
"Ku27g63R",2.79257999749035,0.477631456553282,2.08398922232392,-0.547384950709694,-0.735059198426331
"L2aTVqDq",-0.375546096912249,-0.331072120649452,-1.89599024929825,0.967257529365148,-0.978077098442061
"L5jvq6G4",-0.542608886319555,-0.306110258065729,-1.21795615010922,-0.706230887599678,0.761317177596723
"L91hYVQl",-0.416733498424092,-0.525362506781247,-1.71947908129143,-0.85102034905642,0.149753060923943
"LINAMlbA",-0.404803908051783,-0.335373771851275,-1.64397606536612,-0.0820817329146825,0.536565897609437
"LJoUNXSx",-0.282958276052076,-0.421315774800995,-2.13348332507115,0.273967980133218,-0.774514005107446
"LLtSiyWD",-0.418655746150573,-0.224768172667299,-0.060355747877587,-0.413192312170808,-0.336137944933232
"LQJtV8kn",0.0694578814200924,-0.342307805852826,1.29529499093492,-0.250988581882332,-1.13527453903141
"LW9uddw7",-0.506309357771561,-0.641718899620047,-1.26461335149091,0.954935565257096,-1.27191880341166
"LZ6sdBTR",0.678836876760284,0.94857852167606,1.38096508514438,-0.0580748897687901,-0.875809598597805
"La2Vhnne",0.338569305390344,0.327698608406448,-0.632847683011122,1.5355697166599,-0.552623625639933
"LaUWSq9B",-0.0803354168450379,-0.915274812926461,0.449375354710461,-0.00806883869314255,-0.802911613998019
"Lk4SfkPQ",-0.686925102089889,0.00317217050614726,-0.259742014605134,-0.434006555093039,-0.444628093881872
"LllC836d",-0.242461557677845,0.00524844122649437,-0.291686127955826,0.677987465767914,-0.297962666494675
"LuGiGeWN",-0.349638082079309,-0.294142463059041,-1.45968705335923,-0.584626903938276,0.837606600217043
"LzcyHcWa",-0.347777591301667,-0.0678574805549856,-0.814084913085233,-0.515196507883981,0.489296798273738
"M7veP0H4",-0.488808549635588,-0.492245570231029,-1.2448040733276,-0.351941778846524,0.843701770610389
"MB8aaJUc",-0.358371877982183,-0.459836842579067,-2.09351648784529,0.686763205209508,-0.0337039232757681
"MDpe2zuy",-0.637546526747341,-0.218583026282809,-0.280660214154044,-0.453003224321799,-0.944109923461181
"MEzdmEIU",-0.209637943409287,-0.223647727044445,0.0210541433987114,-0.480586281657794,-0.169643643773031
"MVnhtivm",-0.364386107345111,-0.328131811370645,-0.255644649916143,-0.134644902757862,-0.651945527135192
"MYU7WDis",-0.419488078407656,0.0613386797709513,0.385756266861414,-0.833224580487825,1.1604369916008
"MZFqh6yw",1.49902908816935,0.436354143844153,2.23153289804896,-0.478816812528758,0.496192478149062
"Mdgy4SsO",0.37361309750632,-0.299436452021005,-1.0592392928193,1.64902656993526,-1.01541315288596
"Mj8awnzy",-0.567652738354273,-0.232415393416414,0.382468986634155,-0.682717996128773,1.4344145238843
"MpFPbUJy",2.5839564382554,0.28383183119369,2.09762282321479,0.807670122115631,-0.662969193810857
"Mqk7MFBM",-0.35826193919342,-0.00410886473866231,-0.153710864968879,-0.607103463871423,1.29080920689901
"Mqs2t1Eo",-0.438762495158755,-0.324239187798839,-0.297412612773418,-0.00841496096506525,-0.607432874132589
"Mv3jFVxp",-0.267243605848714,-0.00514719764180132,0.465984755530923,-0.107075604266282,-0.0222597856405057
"MxODTXvA",0.305567711460782,0.103714870056962,0.631824529883449,0.171575476632895,-1.12016351515101
"N46PbpPM",-0.140838508850146,-0.19255452215411,0.128315800742349,-0.687281239212429,1.09926457365897
"N5S5F9Gk",-0.453054605696975,-0.415141122328159,-1.8219106954833,-0.76914043778384,0.859930029099562
"NLDg5fqw",0.269122585558115,0.51244955245921,0.180069547915224,-0.0339873895997533,0.241393492954706
"NOho2ZiM",2.00679923544053,-0.43438646126176,1.75285575488441,0.35466512486082,-0.818022673024823
"NUuY7PFU",2.09001243910541,0.101185859043768,2.00058049030854,1.15044245862729,-0.994511199016122
"NV1e8AEO",-0.370897445835807,-0.21385881480136,0.0557763988443562,-0.583190114060242,0.701382744009773
"NZLXROKC",0.0738307826828311,-0.205109000746601,-0.741069793478017,0.733753145057685,-1.5584563948102
"NaJo7C6o",0.336770177199077,0.139230365051095,1.50040363762603,0.0663672603808208,0.576503074035175
"NgsyGkrO",0.0330261336046193,-0.0242047864159081,1.45477281182819,0.491183957624824,-1.18500566630026
"NjOx4Zpo",-0.403427295590335,-0.464033494712047,-0.787494960473171,0.841866402488296,-1.65723520756346
"NmQoI7x0",2.50975376608742,-0.0408769559070395,1.96879316697979,-0.550804111617743,0.366394188024372
"No4wkdLS",-0.543071481935555,-0.280138754635027,-2.14168335491836,-0.879470910468349,-0.108827316174281
"NouMwhOf",-0.329827563817905,0.0167705502003441,0.95271966394998,-0.31227816140114,-0.462841685366054
"O6YAWd8C",0.0194171400920135,-0.768290341214379,0.685439049277671,-0.313160489213478,-0.841836821567865
"OAXVphSh",1.94394714051552,0.152456095744407,2.39532330032329,-0.557184415397362,0.921440124636959
"OJBBhb6Q",-0.608799007973689,-0.5487925540093,-0.938984139547155,-1.03896142575924,1.27058470433973
"OSIQXImL",0.825167189257385,-0.358791474521513,0.62892846000471,0.408645544333121,-1.52095887156976
"OUUFc5Zz",-0.410959155150906,-0.361130117951281,-0.103093876387783,-0.813668703174673,1.07498544521264
"OVk1lquT",-0.171922382787284,0.256060846518801,0.134260313055967,1.49019373754904,0.800938551716429
"OXdRxjzz",-0.207563025292402,-0.213876149051167,-1.15711495533792,0.194417163327794,-0.672283467836294
"OXxW2ekf",-0.50108491618413,-0.494056316523106,-1.18898879072254,-0.396788577886504,-0.540672441044078
"OXz5OpqR",-0.40123646275853,-0.154882581754637,0.512917761263349,-0.645536901640562,0.65939290845665
"OcBFW1AX",-0.482452521585731,-0.402616666298884,-2.48430389722246,-0.167714655909765,0.743250658212658
"Of9V2rpt",-0.116130757744065,-0.205643085118636,-0.194961402806456,-0.0903962822907288,-0.835393975359691
"OfLxPhbG",-0.196551355085597,0.170572341551347,-0.0241669516541456,0.00200303761879773,1.1381420442251
"Ojx2vi48",-0.450178100676674,-0.33155748524088,-1.92716234481835,-0.804171251012867,0.286623237831284
"P3M32iuT",-0.567925432787152,-0.463443959985214,-1.4188117250025,-0.753806735088658,0.0262576381856186
"P7olVzrO",-0.439096277075461,-0.202279215876789,-0.525027752189315,-0.555530589909455,0.378322425856188
"PAPHErnv",-0.410558520281604,-0.542203148687533,-0.908364661547506,0.0806691125118555,-0.659953252964713
"PBjEtfXb",-0.154776998916715,-0.0876307963773165,-0.130484234148383,-0.402669029268858,0.324718894684541
"PZGpoBBj",2.03596098549679,-0.251192745293856,2.34842121165406,-0.671604315735869,-1.04875835843153
"Pc2RrxXS",-0.570180613167196,-0.336299324870895,0.667425238435436,-0.607082161172768,-0.224449833007727
"PcHQ4FOu",-0.424971994041551,-0.383293639865225,-0.594786768754283,-0.224712618199516,-0.359634235765986
"PeNyTOVN",-0.275008586056504,0.201661025785484,-0.316939063810399,-0.0878516124087802,0.675498997408688
"PhUPSU53",-0.377955162994904,-0.171016055683607,-0.289532375394714,-0.310402166271745,-0.019215858261666
"PmUNeV2O",-0.634120513534925,-0.220726810673311,-2.3796865403924,-0.817220073871927,-0.101826767238633
"PoDJ0uvK",1.6533972523764,0.91308897840935,1.84594299483848,-0.713311182770302,-0.265465723658888
"PsUJdJdg",-0.0534384941308064,0.276661316339131,-0.211969063732239,0.578932138780015,0.306399189186907
"Q3xLFx1f",-0.334034310530941,-0.214010582013795,-0.604739197376533,-0.190852075265487,-0.777936820054235
"QBGxCvdM",-0.162614564918339,-0.331872886060669,0.453030739203229,-0.338874060929334,-0.844938787549797
"QCEPyu6L",-0.417284854134008,-0.51712833539427,-0.941067864254781,0.09905826305159,-1.0529937030946
"QEfwec4s",3.02554516513489,-0.249020004118853,1.82860102618514,1.62978144503282,-0.468183336454528
"QZ87Nnr3",-0.561318559804771,-0.772733915464861,-1.35157604514201,-0.547386877904143,0.986073166874833
"QlyGN9jv",-0.264872678421935,-0.157246223924347,-0.992708280502551,-0.11377896684456,-0.264236368322797
"QqgWE1ny",-0.342051317010442,-0.292021864775632,0.0632790244467573,0.204268153712405,-0.871266663327603
"QrjjBpZd",-0.576609530134842,-0.505787112066614,-2.6523664664599,0.917180056409136,-1.27799959990749
"QsaBiX7V",-0.349283017294525,-0.561215530072241,0.0465417846254026,0.0544241754180948,-0.729951400534535
"QtBKJuZk",-0.352776794027746,-0.0255146272420676,-0.506679847867393,-0.220633355563731,1.28430744248101
"QtPRO8OJ",-0.540611248674122,-0.154849666564802,-1.07772023446655,-0.670259041600787,0.481324721094445
"R8XcsFnp",-0.648107347296384,-0.319649820045002,-0.836407228348802,-0.561899598828338,1.56124552316442
"RROfRt9z",-0.250026277211135,0.00563567117087086,1.08885299078818,0.145114720907231,-1.087121410708
"RTcbiDGq",-0.442708438374322,-0.226978714131794,-0.0335756730772014,-0.398411657012573,-0.0143741569001552
"RVidM9g0",-0.325991419484073,-0.0738299314074407,1.62384376573654,-0.723285804122405,0.789961453101116
"RZnQSH19",-0.490055517274861,-0.0217057495397789,-0.31662410354398,-0.632409423021118,1.03671703113825
"Rc4UK7fT",-0.559229272819554,-0.463316726042352,-1.27257493712429,-0.633322506664034,0.649799129750429
"RcKBKh6B",-0.329954998578154,0.0986756097799299,-0.356753429644676,-0.340845848872313,0.879102693950756
"ReM5kDa5",-0.0527800963659399,-0.31173618348972,0.0608458312574171,0.0493853927765628,-0.860329836809521
"RfntsotG",-0.525364828916917,0.0143150382735224,0.153350776979547,-0.682416910551002,0.785968698828567
"RiXMlzXD",-0.402342622708571,-0.193499361418002,0.319874888536439,-0.481730085601178,-0.321279293701498
"Rik83O3m",-0.52144142727107,-0.0865836160268093,-0.0634477852422092,-0.301836795715184,-0.319770556591245
"S3PCzDzO",-0.371613745677677,-0.139004559103812,0.664670659982682,-0.732381157917817,0.717694707502835
"S77BviOJ",-0.452212395983316,-0.399571554986463,-0.524602498367838,-0.198609455196573,-0.193061898316407
"SDdvtktF",-0.260666029461799,-0.268434946686174,-0.439101483444705,-0.2648478552907,-0.957891704578758
"SHs1AyfM",-0.406001370039093,0.362155187629625,-0.1379913190183,-0.144361283857299,1.45973719890519
"SO4zQy9k",-0.349844986826352,-0.39785327010161,-0.25804534661,-0.411935880550874,0.0468085179421021
"SOOBCoiG",-0.230050506387267,-0.0705599992169174,-0.257664087539559,-0.495620738291799,0.704942732260772
"SXkkPB7A",-0.508728132992669,0.229268346030275,0.19958576733574,-0.545008784333448,0.998803533472458
"Sa93dGqq",-0.402618966723765,-0.155744243268108,-1.71133329050803,0.320470511137078,0.696940831536724
"SonIG72a",-0.296867821613495,0.0231345319564788,-1.18976371208846,0.10000378537901,-0.223618631158731
"Suf6hIBc",-0.22270611627943,0.0501513277862314,-0.126931074754806,-0.462344867759866,0.592665424398804
"Sx2JeSRz",0.0792917336884972,0.131447996216211,0.00861949981380481,0.378889118242192,-1.02485422744592
"T1Tlftr4",-0.264021195051927,-0.139957898585485,-0.00243091298721406,-0.839829926331585,1.18218296272462
"T7ulR4ci",-0.500092580934405,-0.325352779251872,0.298170868106291,-0.783132537341848,1.04982496133134
"TA1NB3Br",-0.239637388804543,-0.0246687441775474,0.140543079230871,-0.438593891417448,0.299622428625101
"TFZUskaK",-0.0273567897022235,-0.289980943651252,0.0675152455602769,-0.132882484786655,-0.971913782579775
"TNL8HGWZ",-0.159641488924327,-0.360207205035842,0.26843816202632,-0.313790837912686,-0.997004893088576
"TZ8z1GSF",-0.213474603837735,-0.21901607375383,-0.311130628868808,-0.460577196474103,0.2871940831698
"TqhRvkJJ",2.17201398581837,-0.442246968502725,1.36133610259888,-0.590906943560224,0.413160321053386
"TtJCUiY4",-0.591135224522468,-0.219728118853977,0.67877364060722,-0.92850620947933,1.34810394784458
"TwDq0lua",0.152304028516449,0.397240097515303,1.16325571567548,0.0568719147416267,-1.37469776625654
"Tzyf02sI",-0.448271152330832,0.22226968162092,0.618272499572623,-0.479961626271148,0.861924701874216
"U3yI6ZS5",2.8809511921298,-0.250163409216455,1.7230844235026,1.19901340673513,-0.615538529191178
"UBLnXZAN",-0.269918566044188,-0.45907981536651,-2.46738057421836,2.09422703893969,-0.832083692503727
"UBWDzleg",-0.3718078644617,-0.294355502976232,-0.793375709098767,0.339017250587497,-1.32426862929227
"UBqkX6SY",1.74828142242297,0.124551675646013,2.07525276317537,-0.43603669512794,-1.21967375771603
"UCIAi1Aj",-0.510552715028238,-0.805159524885975,-1.60848053370831,-0.249030371366731,-0.331790557804613
"UPbXGvCS",0.0590296332219305,-0.416182838353554,0.453134147227876,-0.0867266113032779,-1.08039662466855
"UeWm1l9F",-0.115602771054893,-0.0950812188122045,-1.54566095116815,1.39737838601659,-0.599464983376017
"UhucscY7",-0.262953574100164,-0.626359218478319,-0.241302106352776,-0.706009882316542,-0.424398412154821
"Uri1SvHV",0.0585414740724242,-0.454061264128861,0.4546272636175,-0.137500210257912,-1.14260127622043
"UzxipGJS",-0.457551950696683,-0.0941063646896997,-0.253487017680167,-0.343988219437679,0.536013296231088
"V74zfaAQ",-0.109028376742551,-0.539063061393612,-0.0890799630927755,-0.0290736011951918,-0.611080859118826
"VBPxBLTh",1.97392318583055,0.417713600220778,2.06629760168819,0.722444123087398,-0.443175105908501
"VLG7CXYS",-0.274786496947797,-0.0456440511871982,0.102034222125759,-0.2121533364865,0.672188408100176
"VNk52SpF",-0.360902735431099,-0.886096068213997,-1.77775751700265,1.78616676171166,-1.08234028329894
"VOREKsok",-0.449250924750415,-0.140090962361196,-0.515384554224096,-0.816892362566943,0.972061668204681
"VRhTr5pX",-0.446895471441314,-0.438231336082809,-0.079567993367567,-0.622175486968592,0.0933375367916622
"VTcG4Kcw",-0.301120124448734,0.295523250684121,0.2852947878714,-0.581103999495003,0.822827473682867
"VeKiWSbS",-0.193023891603333,-0.0163794102844081,0.256230424837082,-0.317954896856634,0.220258820235233
"VnU8nJHU",-0.278822383619338,-0.43770025951495,0.0478844541163848,-0.197228640816951,-0.448567363489981
"VueNCxYv",-0.591672931263919,-0.325195078039965,-1.04134010930184,-0.445541319295088,0.6374111211675
"VxuQTRUl",-0.510249535460916,-0.626518803816677,0.148645225968081,-0.368413895003371,-0.912270267426427
"W5lgaocA",0.97440918979477,0.526479268479162,2.01767176554688,-0.739627261689346,0.441401918275226
"W5mMq9Ef",-0.349674937915846,-0.210860994750903,-1.38619850546634,0.33177704948902,-0.285651603760359
"WDhNqFpS",-0.0359040171532018,-0.280877852998469,-0.682654507292558,1.20534192411065,-1.19728823415915
"WE6n1kZi",-0.38422508276254,-0.472112225935156,-2.59068397155448,0.804875030172231,-0.715711560849265
"WFk6r3vA",-0.38792257362677,-0.0872392468211455,-0.231922332556831,-0.195444404094034,-0.278151544371101
"WFyIrsUR",-0.613035740111891,-0.31510181883479,-1.00599060353734,0.320180409930803,-1.44525102163794
"WG6ZAsqR",-0.45762409524039,-0.391335141136431,-0.656335695523192,-0.815075559460217,0.919884463518577
"WMq3CZQk",-0.449197227108658,-0.723571989109592,-0.843239089084562,0.224781080501109,-1.78305251400441
"WRskmGjh",-0.633639387161122,-0.124177656635971,-0.534531430469727,-0.290984309906285,-0.810437566265752
"WXijSglj",-0.327584593559134,-0.149698865593345,-1.3885176377505,-0.260731067393601,-0.965249704260038
"Wc0stQgu",-0.331077487395931,-0.365927669962391,-1.31609740730347,0.446248491905523,-1.12949903978351
"WewoSCUB",-0.651698783749547,-0.0760567979326469,-1.95140724829359,-0.866602855871162,0.377549100598738
"WuHuhHWJ",-0.400519483294422,-0.23980940116669,1.04283036645696,-0.675408770273148,1.15230860179847
"Wv7EBtZb",1.43573713164134,0.010809875510704,1.67624838510643,0.243959885144545,-0.715301650069848
"WyPlxDn0",-0.374317874644689,-0.126975297796782,-0.635299935100896,-0.513346173148807,0.416687887402188
"X3WqoSNN",2.86585678247516,-0.37772594103293,1.86169924373808,0.926457629409445,-1.01637914399092
"XDhyP9KB",-0.468477807685674,-0.394946852394631,-0.546785877463097,-0.106683813709557,-0.541043429319377
"XQxhDRMG",-0.459126119636901,-0.172137621843171,-1.91649375866846,-0.308853735472693,0.850114849365366
"XjLNAwxW",-0.144054592625813,-0.571335902918508,-0.282872428959325,-0.0896192584868779,-1.10698817675831
"XjfVQbXd",0.793607333564239,0.61964626468589,1.79745186063276,-0.560050668033974,-0.881247909547762
"Xovczbf6",-0.509070100884339,-0.30306638446674,-0.679686915161027,-0.870647382150669,1.0341634735319
"Y8H4onBf",-0.71631644959666,-0.731039026579968,-0.816427218285038,-0.625849248859305,0.998462438440877
"Y8YgzSZ9",1.55730700347534,0.117515375797437,2.13865316356443,0.414652802998166,0.118541191219031
"YC4PNV20",-0.558338684403027,-0.391858831923014,-0.22287094191075,-0.42741111908946,1.24075883506446
"YDHSCRdd",3.5715186913917,-0.511571891023955,1.52192867411547,1.90050936821346,-0.338919527614159
"YIJ87aME",-0.421075076478618,0.360988909013207,-0.807092864982631,-0.424127172377457,0.671942430789516
"YKvT4dFv",-0.295214038341937,0.0648734394200939,-0.112482595638379,0.0213998662416275,-0.373668628886932
"YNebALR2",-0.477311019399818,-0.64874498947574,-1.46511296190578,-0.818530727675763,0.49883321470383
"YNrnqFyb",-0.333074268922155,0.11745260761768,-0.197005822384002,-0.251412572552504,0.350399576065777
"YUZ4lR3m",-0.352383074055351,-0.179025503837402,-0.192235318128481,-0.209377411508585,0.43393725628119
"YYLvjoVC",0.0611239456235086,0.316917588980632,0.10211473757323,-0.150300633768773,0.623135019994936
"Yb8OtMb2",0.175359874805697,-0.26722261522799,0.672731436885476,0.0277363514755029,-1.04126107591462
"Ycg4lTYw",-0.0862539240613318,-0.489661417022414,-1.49935652419936,0.566321409484281,-1.01659047190967
"Yfk6tekH",-0.0336266328614595,0.487286601180041,1.60018299957331,-0.344122271298618,-0.46135283016403
"YoSfgmR6",-0.427421909902786,-0.40907025302871,-0.332211738811764,-0.276788905733274,-0.254305743729344
"YpzFvexy",-0.220731057794121,-0.216475844580848,-1.00532344184845,-0.0724846118380521,-0.417522612716764
"Yxqppfa3",-0.222978479699657,-0.255610181825896,0.595234477798532,0.0547021075880003,-0.965506672495101
"Z16jTUvP",-0.41257662540114,-0.268046780162714,-1.2420586733844,0.278792556900478,-0.704217504769565
"Z2BdCCbJ",-0.235035859261344,-0.125198676991749,0.0433192143442979,-0.52791032063131,0.717874875476903
"Z2JJMM6V",-0.343936284149853,-0.422084270756973,-0.380771503596019,-0.0514079048492859,0.196902992932794
"Z5jE1OB5",-0.298362958610573,0.0849720882248642,0.656324394293557,-0.108283240798592,0.116564663067586
"ZFsIqYxA",-0.326926280475926,0.0331965840879105,-0.353332994931141,-0.047719965892264,0.258272991237812
"ZHDVsoRh",-0.286160694625178,-0.256548016653532,-0.328620902170108,-0.175018948747262,-0.545963876570329
"ZSmfu2Fc",-0.25804761558657,-0.505002542813904,-0.855557287149139,-0.0921060370619279,-1.08503315318332
"ZU8YXF3H",-0.513303919197594,-0.480727672456441,-0.568760329181308,-0.880266952121543,0.944656383070853
"ZXKaNy6Z",-0.449884548258377,0.0939364623561972,-1.53950841293636,-0.366239566848815,1.34645503953616
"ZbYLo0zK",-0.226357407493765,0.189581685662863,-0.342028114228195,-0.286892296451326,0.931455931565981
"ZedN8Gcn",-0.595051024062036,-0.309393039320799,0.371585370500608,-0.500759486904859,0.0618331786419938
"ZgD4Dau6",-0.229121996310945,-0.437072788872933,0.457432393620571,-0.388995180121813,-0.975765231437797
"Zgzf79LA",-0.691388229649314,-0.34475537146291,-2.22117163548383,-0.803401965135293,0.296814042366844
"ZjqzxDOF",0.0628312686501511,0.62396076828192,1.45687147614186,-0.793381860231067,0.313416190794817
"ZsZ5aDpq",0.00171106700452931,0.277619473836052,0.960642062478065,0.903698266852795,-1.15779567554691
"ZtyqE7If",-0.336281702580119,-0.29099060486152,0.65866637208837,-0.10660834850958,-1.14470151278281
"ZvUgz01f",-0.260926320811007,-0.375683784870663,0.211082016761244,-0.891532828308221,0.807974717873697
"ZwrhgdQV",0.420912883532284,1.04436089144461,2.23099294540095,0.753257707675506,-0.440443379602873
"a7bhJGBU",2.21202990762286,-0.572197644203286,1.88886789131901,0.569938559026939,-0.298004596735279
"aHpv6KzP",3.08283642719269,0.00687473470200427,1.85078669954131,1.08162753029355,-0.629723503779003
"aINzEBVN",-0.431757848602268,-0.444549804548652,-1.77377089221446,-0.562895582674002,-1.31025999115714
"aP9EtTGF",2.35977498008215,-0.14783157220438,2.24352764274891,-0.810602490126394,-1.10328121442271
"aV6EhtSL",-0.507571534128053,-0.16080922327563,-0.0736990354455461,-0.492868717930468,-0.152747532396149
"aVZsXKoH",1.95221020342832,-0.238571453653732,2.09581660879947,-0.73717565486519,-1.08087098245429
"aYVnVJvc",0.0311360992632002,-0.129623998332547,0.460223082975237,0.686770610095262,-1.09082692705146
"abCzN1zx",-0.437203281029232,-0.240043566609468,-1.85283562232366,0.421703983065892,-1.07183251550585
"ae7sMiB4",-0.202541369689613,0.104829828401689,-0.266869586172682,-0.203605675092955,0.323914568068015
"afsVuCGV",-0.349927064316122,-0.498137433972955,-0.924077920980525,0.274178292459571,-1.06872488414454
"aiwBQETI",-0.063496157514678,-0.483192202187192,0.447265569028388,-0.226843808810214,-0.877660608461499
"aiyli4EI",1.47136776174781,1.26918793483213,1.90406962923711,1.04512157219835,-0.224221436489531
"apJ7NmzD",1.88218127414023,0.148809258747789,2.25896446613379,-0.503281883732972,-0.926364152021576
"atVjNMtQ",-0.47387759982362,-0.979760369841166,-2.19945202878206,2.31455023827437,-1.4785316772369
"b5GirVGV",-0.422444706744554,-0.205187075787506,0.129493702504011,-0.58510740646231,0.505592148897415
"b9SpMjNB",-0.204495836089226,0.177816414728864,-0.137133048354152,-0.227825567308831,0.710199549612482
"bAFs37yy",-0.322626950190647,-0.448806957421755,-0.183345667264297,-0.801820060719843,0.919491983025621
"bDia1hHV",-0.49911935779941,-0.307687868386645,0.861977616095334,0.0590532685851378,-0.746283667994482
"bFkv5Mtr",-0.321642081657393,-0.147050896411035,-0.746538183134743,0.270219562580471,-0.253461122272344
"bHe2IXgA",-0.242437630111745,-0.625684908870651,-2.75957874500387,2.56664485132327,-1.12084403437538
"bWX3vUm5",0.0487274897271096,-0.238261836535595,0.199574654612562,0.123043113757358,-0.907753312238581
"bat8tcGs",-0.191360861216729,-0.503015013544448,0.761947828915387,-0.249404278594098,-1.33510686866706
"bfjej4wu",-0.477063291520372,-0.40658313155275,-1.57454421413331,-0.193821318585858,-1.57157732756979
"bh04YDiP",-0.270994856471325,-0.335575802419863,0.0404396734342176,0.183944197868724,-0.824954156829769
"c110Fdc8",-0.153263063668272,-0.260867774926863,0.158623263103206,-0.329589287379575,-0.209491337499328
"c32GUzMa",-0.357480662020471,-0.00336652637915723,-1.81655297871436,-0.136611292861583,0.956474464120295
"cT6uU0B0",-0.591975307898409,-0.291182067874875,-1.37040804156318,-0.391712154852819,0.681442121448038
"cWXCiFwh",-0.47786630868634,-0.257381908310628,-0.407809098695978,-0.455822050234796,-0.857848764670377
"ceNvS3yd",-0.38369853437306,-0.417344572387356,-1.0529507669579,-0.000806386636923335,0.0181055658297034
"cmwdt4Av",1.85541239954296,-0.0437570753365189,1.49735973612205,0.225181921941667,-0.736146419599352
"cn4EHsup",-0.401144696231042,-0.227648709146738,-1.71534931519348,-0.285313656606304,-0.0238038361007577
"crVOGGTT",-0.496881712468581,0.0963202451044544,-0.274061280473123,-0.485323984228494,1.65101435908091
"csPEJ1E5",-0.37801861223348,-0.678024351177398,0.950146173017735,0.065672975796251,-1.32262607633662
"d0UrRtMk",-0.695628499575198,-0.220112604445655,-0.248460693092883,-0.851404211919463,1.46841321770302
"d6LU4G4I",-0.285676516627226,-0.554710230886525,-1.81133630151388,0.53236484550456,-0.163673657727411
"d74T1DVv",-0.526255552853954,-0.58041030809815,-1.23316863962453,1.14768369962818,-1.51979372538601
"dR6rM1tQ",-0.0194821794174901,-0.654812887970317,0.722904033251404,-0.129191310642616,-1.38631006928215
"dUNxOoqg",-0.41700596570081,-0.609513188171376,-1.22734091326956,-0.213605653238397,-1.0613262152503
"dUnlyhj7",0.422868787880261,-0.0854929493896155,0.98274585786875,-0.484575076562928,0.252386703809955
"dVDlnZQ6",-0.279147088544568,-0.375043809810791,-1.45650140089657,0.165847393715929,-1.05829589979474
"dVT26GDu",-0.452995052936262,-0.0353584379136418,-0.230291583765046,-0.328009882684279,1.24927817569109
"de43ycXY",-0.290245168300364,0.217649716672489,1.32858648275635,-0.929386119936232,0.226846715765553
"dfIn7m9z",-0.360532960068542,-0.466967566714724,-0.560721580097728,-0.182788646801889,-0.825717698926234
"dhmb9ZY9",3.80234852067503,-0.283810293936738,1.62797206765586,0.818432925568691,-0.485307734692058
"dn8kCuyf",-0.319708067255025,0.210677227821935,-0.676661437011038,-0.230069380238403,1.18412630528499
"dpcquvWW",-0.472619958619761,-0.421145616569111,-0.0523250704581538,-0.359999568185165,0.174891879257468
"dqcbIMyr",-0.406454825694751,-0.438230963743583,-1.33897723594327,-0.641696957868085,-0.0520507963849898
"drWgsBf5",-0.26336669012367,0.00446559055320744,-0.00408134808421305,0.489870419958514,-0.546913107295911
"dytx0HSe",-0.493046845588412,-0.271511037883944,-1.2434135041871,-0.802836148027976,1.05443413388217
"e4KkkIha",2.25216077138926,0.213657447529536,2.17644642688774,-0.638670114106275,-1.0551738766677
"e9YorH4m",-0.334177221827142,0.191737835006618,1.71682378188255,-0.846833477071886,0.723185134207054
"eB9gVQ0R",-0.829777837635039,0.856117732515726,-0.6758915374272,-0.786151297628325,2.29894591816196
"eMhLFqU6",-0.341050025852504,-0.448011833596487,-1.6928666361277,-0.336325927435091,0.278000908233901
"eMllg1qm",0.60769198809045,-0.0939607379825571,1.03603565471176,-0.0603262381783681,-0.796639909710136
"eNPunZ9i",-0.332675032104462,-0.299866094924537,-1.91950082497503,0.327280556436572,0.345886173746206
"eS5BSM4J",-0.648090439362113,-0.0457447155336756,0.194583268018761,-0.746486416329994,1.26397541696572
"eVGMFoOI",-0.43577871519522,-0.00179902217204404,1.19783756750831,-0.794945472100272,0.751880057764922
"eaIwb3rG",-0.222392452966443,0.838929322090929,0.634741740136239,-0.161968747803385,1.31748273138683
"eyzw8Vis",-0.502789562889178,0.225174909174361,-0.909862662311797,-0.586218923403743,1.29803653714215
"f04Ke2bN",-0.291348615104229,-0.0111953879544676,-0.575197522507141,0.172079082068114,-0.0390574167734824
"f4GA0te1",-0.183994065582433,-0.548198660819154,-0.489169885541354,-0.580898835452327,-0.257316690748682
"f7bd91h5",-0.531848861221067,-0.245596352237722,0.348308724361397,-0.670214168134749,1.06870078975357
"fB7z9ndr",-0.457334805190717,0.315129868865336,-0.500679771037302,-0.687717102300272,1.41332128794213
"fEe7AWFA",-0.338830116360629,-0.159135577921396,1.18659438184842,-0.28861157270457,-1.14938579822799
"fJJIbgY9",0.695136270533258,0.675458258959669,1.62285534962071,-0.791488943466804,-1.17943779925588
"fQBURMvg",-0.27791187994841,-0.248702611158106,0.194146723208725,-0.484301097133043,0.695083747540814
"fS0HpOub",-0.469315684751164,-0.313689497003602,0.281555225382191,-0.537218093569741,0.712654465849248
"fTDXauuk",0.202149186631928,0.0975011450589978,1.72312274995285,-0.46485785908793,-0.755715237627935
"favPNA2N",-0.418643098825,0.0249301116358675,-1.67886119045696,0.386521398854709,0.782254750896138
"g3Fv0U4k",-0.188524603682653,-0.488189592626606,-1.75231742940761,0.499777209991819,-0.619524401951837
"g5PKo2E2",0.399794717180523,0.0700325648351851,1.14566397030505,-0.160214907035979,-1.26116725504073
"gbjnD5fe",-0.409006872911794,-0.575054707582257,-0.516225898637129,-0.712368835682636,0.2249757260084
"ge9zqXCv",-0.570470707589857,-0.223297795537348,0.487615723426412,0.533773791114071,-0.601811632741389
"geeqJpSE",-0.365231306797771,-0.296113719857208,-0.145763248402176,-0.705343212833899,0.653833759531428
"gqy1J2RS",0.353385073646672,-0.309207782614167,0.30388961656242,-0.0139108198496347,-1.64413445275122
"grlUtS3H",-0.244806613887158,-0.276581425750787,-0.0201333581335562,0.64258004132914,-0.897215285300115
"gx965KYj",-0.0600920848836824,0.269755893659963,0.0753694957460415,0.179823131534839,-0.0389431290476907
"h3F08Vjm",-0.260797200085386,-0.281254392907492,-0.361930988315597,-0.709132537898842,0.743377858773968
"h6FQG8Iy",-0.191327617711188,0.48456471768449,0.905372709422469,-0.70203598140096,1.53504105068316
"h7ftM8b3",2.04502136987866,0.0989004856352751,2.25780864329112,-0.650653890445404,-1.58706246078087
"hLrCHXZv",0.0905273616581202,-0.411533899009305,0.544753547262395,0.00460693867487329,-0.606018251261664
"hQ6VBuFx",-0.751350157422771,0.999266206238739,-0.540792715313176,-0.61220183686975,2.0746916870408
"hYoR2y7w",-0.484709145020095,-0.319289359770812,0.254824550304394,0.0318928818362425,-1.1129266429129
"hf65yZkM",0.157190422550738,0.0664991572551584,0.682219304690394,1.1829160603009,-1.05721501818061
"hjuwe1x4",-0.0475013818858661,-0.59232372254849,0.382688667033455,-0.339637832306938,0.37243282930682
"hyINlsFR",-0.773458555129042,0.536905992150663,-0.748921283135568,0.100437783735229,1.54768904676477
"i0Qlm9Bv",-0.42551373845399,0.275755829637876,0.685902675352473,-0.522969080303349,0.854826678041575
"i1VxfxMb",-0.521125727766991,0.162297816097603,0.553664928989912,-0.560272735269301,1.06017512575114
"i2l6jXNP",-0.453914650183939,-0.368618804692804,-0.902564828198341,-0.227266971745698,-0.195760992160938
"i4FgPZv7",-0.405331583606726,-0.226931746035458,-0.291004162228368,-1.03144688383322,1.04450366840707
"i7XtIkSi",-0.315413766409096,0.134278491025276,-0.583250661215319,-0.127659073384938,0.302824216791398
"i9z346Ut",-0.16443390050146,-0.332509343978514,-0.55713710348787,0.826122205079842,-0.166264411339104
"iDOat4cZ",2.07852272353471,0.480309896464527,2.3864934689821,-0.577615705951185,-1.18979604979977
"iNv6RoSO",-0.213368656132785,0.144057311768174,0.841017693120981,-0.051837901960486,-0.166326958671141
"iSL9NYzy",3.21865401985247,-0.777997625260655,1.65220150127921,1.67224226891491,-0.714628036657284
"iSqVc1r8",-0.374965461605899,0.579387614505903,0.97042255090516,-0.865461486300328,0.358786615828178
"iYZMftt6",-0.778356671656364,-0.330750953511353,1.01369475228088,-0.395501388946038,-0.549493089384284
"ieTPaa3c",-0.29663391950512,-0.267125176444162,-0.894635353841917,-0.0475840549202565,-0.271813242060486
"if7BmzU0",-0.372676060953802,-0.314285217343416,-0.338847232048641,-0.66025159332037,0.662667536965385
"ihNz5bmx",-0.279195151417784,-0.210987339530409,-0.344333895391163,0.155318805585175,-0.813253161540722
"ikJXKdIN",-0.581935680372133,-0.100708762379209,-1.93497411508665,-1.09697198981525,0.589165794434505
"iq2kxikN",-0.162447178096332,-0.388113935349957,0.123023857320078,-0.213935586883162,-0.992458655594344
"iuZEDJK7",-0.343547003583038,-0.320298945881091,-0.269213352665837,-0.581357124890637,0.57198924888866
"iyF8gVT7",-0.666362604562935,-0.412335710524808,-0.465999415020341,-0.792962540051194,1.38276755828545
"j06qdQ0V",-0.41648780655806,-0.193546045060669,0.178266284974185,-0.211589618299912,0.165862060826678
"j7hl8svO",-0.587669911471696,-0.615883424765135,-0.0233783959814842,-0.310887425679374,-0.725020360784708
"j8hMoJUN",-0.346605129081719,-0.274039153504832,-2.65874346635008,-0.847747763720423,-0.350836432850608
"jNaFasbV",-0.549959962607786,-0.445212743347469,-1.07070784461953,0.271683897064241,-1.51540890955824
"jVVHeYHT",-0.623602126737069,-0.0546307147565686,0.136902755731118,-0.696471568055679,1.27227580912575
"jXm4ySvK",-0.314054807661395,-0.239106464671734,-0.117704769307719,-0.452791613133633,0.36806252797853
"juO5ii5l",-0.316630587001846,0.0868825026732493,0.268670673886078,-0.673493537112824,0.776336543496675
"k2hdEBsU",-0.689480483048847,-0.151769415629043,-0.345592848514865,-0.825469773211149,1.41471080008196
"k3ynMfhN",0.266407723864593,0.288726194225867,1.28267400923288,-0.342258077703867,0.616699914282838
"k9C9yBtr",0.120765486961655,-0.262571340179401,0.446224178613981,0.303636215642333,-0.944568824713804
"kAKRvcRo",-0.355901223483007,-0.562644045917903,-1.29384092580753,0.158823857578163,-1.16121065223509
"kBi3R2oC",-0.160499748111812,-0.0669872130071433,-0.123413316353498,-0.310036163610599,0.0770093016012859
"kDWmnsXe",-0.0588158272142248,-0.338272992663269,1.73792394278978,-0.454609184972629,0.0400458220731005
"kSGBd2Vh",-0.288646297428788,-0.249707996957109,-0.107183664469929,-0.614059721913208,0.626906396688012
"kT0miHPT",-0.373587958221838,-0.258692575450493,0.0153890292066457,-0.371239354723493,-0.0572427343066167
"kaW0TfRn",-0.528270806996912,-0.562596409490184,-0.609816039571577,-0.64771902457842,-0.343871986127067
"kmg3SowO",-0.319526713458957,-0.110062056702317,-1.49172063594071,0.614823730211129,-0.526727654442291
"kpxKSlnF",1.93261337277447,0.420467215538257,1.53296045203476,0.248816879740809,0.777022013639073
"ku2cn1MV",0.402660968466074,0.551712391638286,1.69193732622238,-0.169492380009155,0.760175281821778
"l1su5HU9",-0.42778886777721,0.00951259335576434,-0.321552376555813,-0.326074015926063,0.87136209696226
"l8Tg2RvD",-0.589072137609314,0.180645202344487,0.8305616943798,-0.687872637035415,1.37803893090213
"lB6NsVOc",-0.314091647593051,-0.306182716513239,-0.197786370884722,-0.52578643064419,0.827995420012888
"lEcdVyKk",-0.446966554058466,-0.305194866616518,-0.606581159085848,-0.520476236028963,0.45530863613398
"lH4TasGl",-0.0961579569827267,0.0894864724821873,1.39186761740553,-0.586241448867456,-0.549065745732003
"lO9aggHW",0.0778426208658159,-0.0503325201514115,-0.105704028570998,0.522793044709492,-0.0318049352631144
"lW3m9Vzu",-0.463170104545413,-0.0540041688353414,-0.296818431688078,-0.127232602872048,0.185602706645007
"lYLseGDP",0.0619837535164601,0.546254120891514,0.451147190281892,-0.241689565688765,0.387943646908955
"lcOnCdZi",-0.216421801595844,0.475103978149062,1.11117784217656,-0.700621479629163,-0.279001851972241
"le9YGwON",-0.165276897144975,0.346954248524644,0.575989739002977,-0.227396860879615,0.579553646744955
"llMvu3TX",2.02431642071161,-0.223244676583953,2.08117121476661,-1.15400100375871,-0.403145425347554
"lnHh2jFO",-0.444659752849902,0.133530691750261,1.37209685174541,-0.874623819359292,0.40069060661843
"m07CVXd4",-0.520627007157406,-0.135356921701929,0.0562868284501305,-0.903495701263218,1.54955543570413
"m1lPk91z",-0.458764889275429,-0.189396801067108,0.963077217153628,-0.701060094578638,1.30231925747618
"m9IQdmwa",-0.429827138645376,-0.0890962038438839,0.129228887615833,-0.563069848648524,0.727177640183984
"mG9BRy5x",-0.421856231794437,-0.249021863874719,-0.468518687859595,-0.0434935873046322,0.00249808023753098
"mVHXnama",-0.490460411505275,-0.510104221902568,-1.6599901636512,-0.530992021824086,-1.00670282489964
"mXyrR6nU",-0.485291834777869,0.154584454929932,-1.13255511553909,-0.380533096162206,1.58802853164789
"mbzNdxNc",-0.241399464591456,-0.0436977248752355,-0.131126707798429,0.295587497242548,-0.479883234300103
"mntH7g3L",-0.445186455272355,0.5527432727131,0.941128200218628,-1.0078395969152,0.701730489302611
"msRTXP3H",-0.230548971692994,-0.110360128716692,0.197944756856924,-0.300877125180404,0.188643392481538
"mxBjvIPR",-0.488200786288876,-0.187013711262381,-0.149302339662916,-0.463862269044623,0.551959157692675
"n8Opmfbz",1.68379015965985,0.746585027564203,2.28828344541883,-0.539464578093293,-0.0763427451624168
"nOkgU29Q",-0.461451945239143,-0.456106013265004,-1.65217853421135,-0.133712714305807,-1.47358417660758
"nhttf7VM",-0.0383709097694509,0.234004481231998,0.651668840666645,-0.147148144600112,0.557800227899736
"njLbXYa3",-0.446230600349414,-0.40723327898983,0.236662551676797,-0.5474099488726,-0.315144866261723
"nwkIpzmh",0.559443696483575,0.293051676390707,1.666484467856,-0.319495058892098,0.651813159432388
"nzB1R9Zg",-0.284099240215711,0.201033542871847,1.41446876907578,-0.780621781359711,0.349758312940469
"o1rZRI84",-0.4041128654431,-0.179450613125421,-0.624432238861103,-0.518423097849362,-0.497008592513628
"o7q5Mbty",-0.342661826152609,-0.216615861761982,0.749557122543662,-0.0625203058249513,-1.20327318452488
"oCBvysqB",-0.481828710544488,-0.367033611631841,-0.621138509518563,-0.497281604732149,-0.666195481377942
"oDmycTPH",-0.571732479191077,-0.282206068240531,-1.38075340822871,-1.06681830903252,0.96882226998536
"oFAXZvQv",-0.507470762099019,-0.0761611601733369,-0.29891470102077,-0.113508530007708,-0.463182146898923
"oHE3M1zX",-0.230062890556081,0.0933422085135977,-0.285774712861888,1.031181277412,-0.392163615228089
"oMhVmSpV",-0.481113342927759,-0.24152965988526,-0.0841615095251732,-0.339850032510089,-1.42011470484545
"oNsDqVbi",0.269465509730297,0.488980133020251,1.6085732114112,-0.616605917664699,-0.715392818495582
"oYAJqQk8",-0.442630035185291,-0.755785378667769,-0.74943238922427,-0.860966725074848,0.396018370634595
"ob5Kb6dW",-0.38241254519004,-0.259431269695584,-0.804481848651711,-0.544769814874681,0.66370278119299
"obnzqs79",-0.58822561188513,-0.341950735446772,-1.24380936323393,-0.644406273318182,0.126132920441726
"oncLcgRP",-0.319104664563144,-0.180941294404803,-0.330717172866669,0.0400666542368136,-0.536480842316939
"ooWVYaAe",-0.343476851684039,-0.455562381492637,-1.68668041680818,0.896495049372253,-1.35170764431301
"osdyOUnV",-0.349447143641422,-0.372725804878014,-1.69499217075659,0.207556838266217,-0.0303255481038261
"p7H9CzCv",-0.535333751400884,-0.783875433725823,-1.96827519322489,-0.14484067089915,-0.91776626634173
"p7U9hVhY",-0.328785783647821,-0.164988242246562,-0.670228032015719,-0.298256784557473,-0.0164368404106037
"pE6Cf1RV",-0.397564591533534,0.0329697669220173,-0.0854558595132663,-0.69647100518594,0.8817444398473
"pI7qzotI",-0.38349645198092,-0.0846618958122422,-0.397014747608508,0.251453002437411,-0.55828291557458
"pJrIA4sk",-0.375583695028021,-0.23817013241341,-0.0464375652228851,-0.521689995965032,-0.272766081216921
"pXne2CLZ",-0.845715443426266,-0.445223531570232,-2.60140351649194,1.20678921683455,-1.63102077481153
"pZMcDIOS",-0.46226211751701,-0.299323161068081,-0.167474341597716,-0.655028772269644,0.779474459543219
"pavfp3cc",0.370485332993233,-0.384626762854428,0.443916276465376,0.187416162136504,-0.755164680339383
"pbQdC5L3",-0.580314915395025,-0.705429542759457,-0.504536233959351,-0.664452953587219,0.621097544131974
"pgj7aAFP",-0.427160045852154,-0.46749159822292,-0.169183531307057,-0.211320731642879,-0.109034100316619
"pxg8G3ed",-0.789915105494406,0.216278595990715,-0.630375163133275,-0.495845304946593,1.70925082067448
"q36Npk6l",-0.570693469361472,-0.306676386084003,-1.15069371994216,-1.06027492110108,1.23181963902915
"q4aDOVvq",0.519708588814357,0.190699444145957,0.432650422727821,0.589075396949397,-1.71646410035579
"qGmfR9CN",-0.343457583120253,-0.437929918696401,-0.895449275637128,0.284989947399773,-0.850008373594589
"qJ51ODpA",-0.348964972564139,-0.0917905065791034,-1.4187720254229,0.769505266312935,-0.240679641448348
"qQX3cs3I",-0.427606586395746,-0.38737403907729,0.116595468070824,-0.87604178224739,0.733001420569765
"qXeIxPb8",-0.325775909939672,0.00906429146611128,-0.356532836317495,-0.319788521081862,0.5582227605098
"qYQ4MShM",0.0891246491382271,-0.11884299978083,-0.0207273311244931,0.613268083204255,-0.943447790748885
"qa0etnhK",-0.118271393762579,-0.886033791752255,0.343364905565851,0.116464980553255,-0.599899229329092
"qbL4sboq",-0.773661157385125,-0.417100674592495,-1.27329881068151,-0.702416636834098,0.807558716928836
"qbYrsWHq",0.465755138637766,0.726908060212998,2.0390612783568,-0.205938988994298,0.0236365914974183
"r1zmcUqQ",0.517263021751872,-0.194760289479122,0.720650010810119,-0.613603707643562,-1.27537916080169
"r54iHeQC",-0.236856895982453,-0.0959851365176205,-0.219771741278335,-0.542643207774172,0.561682315370692
"r6xrAnQV",3.09674585852673,0.107769923090016,1.62422379000781,-0.662540082529788,0.277928178848599
"r9HxnQDg",-0.357539869391767,0.111430513926359,1.02927152012721,-0.235662686487693,1.04212262817566
"rG8Puuf9",0.926188241017695,0.354944719662456,1.39345469802454,0.392234805999592,-0.67538042181957
"rGuiefuR",-0.274079388096994,-0.33084415148129,-0.397086589560816,0.049818303334496,-1.41410698101519
"rJ19OhGP",-0.450244995299921,-0.0678490421046518,-0.50420152217919,-0.622954260794672,0.990288127410261
"rOCYepHd",0.0394820537351882,0.080692498870534,0.988248779996435,-0.643491165955805,0.729105044534865
"rQJaOPFI",0.245042582713435,0.0723693415857578,2.38254986429782,-0.37506448725658,0.260385814069689
"rQhZtZeh",-0.205261389635726,0.102690081160176,-0.00506010924509023,-0.779184910435845,1.05120856417654
"rapmok0w",-0.421088607542009,-0.621270870976231,-2.11432730292004,0.0197395274455143,-0.0882134652281613
"rgzfnPVu",-0.417088163806459,-0.0403657470174726,0.73015612177444,-0.721057588034875,0.925574147835562
"ri4qhb1S",-0.346152263433104,-0.048931726104821,-1.16050579731559,-0.379236713399817,1.15854501641705
"rqpFYzff",-0.617241956280435,-0.521761763284221,-0.0903917679798256,-0.311202868593307,-0.0402058637493585
"rrs22coX",-0.216218639531236,0.126784448507644,-0.343473101199964,-0.401625812158376,0.849709105722725
"sEeUCQLc",-0.474890840497636,-0.198910742195298,-0.9879340776794,-0.424128574361497,0.391218478350713
"sHScwqQl",-0.512973465995871,-0.093911939864929,-0.359063350438331,-1.04452705892265,1.7405262742366
"sNC7DiAt",-0.637924503628845,-0.470899847175203,-0.0813594444223495,-0.555925020733988,1.17416896776382
"sNK2TSs3",-0.342181234990584,0.271137746325584,-0.326112758222788,-0.478641139129346,0.642101817952737
"sO7Su6uw",-0.468638587314385,-0.534958875023169,-1.96369366631693,-0.575140933174397,-0.0314170690283729
"sOWZx89o",-0.440705100234795,-0.514217268987562,-1.19777766000166,-0.616512467146519,0.629191161189158
"sPbRcPjC",-0.083864594757303,0.103143408408054,0.78935774617332,0.255913020312858,-1.12780473258955
"scVUfTKI",0.022052913828627,0.875024477470241,0.0513419755695545,1.86771198453041,-1.20799011882647
"seRaGeVv",-0.428870177486403,0.219255404399123,-0.201177102328037,-0.242322323661231,1.25586086270713
"sgtwiYWi",-0.371800022034784,-0.302628959680641,-1.50014470101192,-0.183621639944344,-0.660562377217664
"sjmLHcT6",-0.64567799406594,-0.350693010517675,-1.0852421550404,-0.649605292426175,0.295104630249828
"skZUZZGS",-0.337812954799326,-0.821219512351185,-0.123562720765043,-0.360531464296209,0.564279064511595
"suAmzADX",-0.69197212515271,-0.231016874030839,-1.25045633205561,1.81194349171548,-1.14589106597146
"t4GWLqlO",0.484188474440867,0.0658736665800133,0.659785478606374,-0.269785236210257,0.36219444398261
"t7gy6Jyy",0.31822738408239,-0.273584771017669,1.92184548183982,-0.964457331852511,0.538946661855373
"tBadzH60",1.8841682742941,0.0568462834110137,2.29504542369699,-0.605084307104821,-0.744598277578077
"tXUWm0hp",-0.180119300382228,-0.220507219147169,-0.07825619256438,0.650621560936129,-0.891777916235603
"te6UPPxf",-0.532903552996309,-0.456026191015554,-0.517828719432522,-0.388868342830763,-1.0557955046473
"ti2lamkL",0.0889204818800261,0.265879574045207,0.778730416199052,-0.337923917978798,0.666563272821443
"tr0lpwuU",-0.748246081489254,-0.214313745091484,-1.91835812935216,2.50355208037399,-1.27452180117938
"ttdB5C73",-0.352871204293149,0.119494453257764,-0.292527039888285,-0.0842251307825708,1.17421279809274
"twS8YZu9",-0.467664991235077,-0.0890339095574528,-0.939414640077315,-0.792902291554157,0.0270231354568048
"tx68W34H",-0.537826168188994,-0.347175095713779,-1.2015293386956,0.885682670368471,-1.3989965507194
"tyQSX4mY",-0.355533010586848,-0.24219503174903,0.102469035263454,-0.671314031938243,0.970233683870486
"tylKCRc0",-0.443207296113122,-0.153788435465838,0.298379853749585,-0.37407656156381,0.297519967970404
"u1544WUo",-0.422333218920808,0.109220974481689,-1.62276205139075,-0.389837272671502,1.35949218452817
"uAw9an0d",0.338835762389821,0.215987273744025,0.336199170525048,-0.282329732762261,0.103623639899108
"uLZAEXMG",2.18758717710004,0.211457214447073,2.2810510516868,-0.413054753101524,-1.22916308205031
"uMwe1s7I",-0.734249298367071,-0.428215248077306,-1.54265284301179,0.595724138166065,-1.04393869996158
"ufhGeV3q",-0.604032998132764,-0.262407835062933,-0.110577119475341,-0.513341849929929,0.259860391849818
"uhAeGBHo",-0.641752063742256,-0.809862095018337,-2.0630388408037,-0.369831711251643,-1.06870600993377
"ujHNlqpw",1.02730989218339,0.676181867361706,1.68701562540853,-0.339683901346589,-1.16388625889756
"ulV6kuhB",-0.242643548835822,0.115247496122003,0.252062202210065,-0.501162562274244,0.542379356291551
"uohEnNEK",-0.376669915233124,-0.456021800503386,-1.52138859322596,0.693566143251653,-0.907108893054608
"v1lhA8I4",-0.206883977723201,-0.24497058445655,0.84898635289651,-0.717788250012704,1.11883530874046
"v3JzigLI",-0.652667856065137,-0.63240892136373,-0.741459398275159,-0.829221170587243,1.24576916645188
"v5IwjyIg",-0.298856982226013,-0.234990928619492,-0.279570601342528,-0.405937518487041,-0.76072785410706
"v6lp5TK1",-0.504469463104633,-0.200641313327803,0.719629202033708,-0.762674309127812,1.43787729178028
"v8vOaaWq",-0.360780449527448,-0.254553203180593,-1.29929627112566,0.362798222739765,-0.0851460312713582
"vAYKtoil",-0.669699285785924,0.0536179963993306,-0.295260174778121,-0.662323979690435,-0.695029843278714
"vGTNQa6G",2.24622758520075,0.090735879338758,1.29160544611752,0.594028239723654,0.468286072517533
"vQzNxHoL",-0.508269894949238,-0.443858666610757,-0.822539102285181,-0.638137411986732,-0.761224163366494
"vfZGBUJm",-0.380783516468286,0.000516188325977502,0.437413697625276,-0.178247828462991,-0.269171003936897
"vlooVUoT",-0.302658812092483,-0.237236409582525,-1.83799691709652,0.439904597677278,-1.24724354588723
"vrACvd4O",-0.458535194636762,-0.227867824790604,0.932772810008838,-0.430689191373386,-0.332250684773423
"w8hdjLwb",-0.455487770795344,0.300763317975312,0.214345767590536,-0.380046160400712,1.42736300310526
"wAntv4gH",-0.201377284449062,0.406151722404635,1.73014953143459,-0.650845764059243,0.615840895305812
"wIUL09q0",-0.575901134799479,-0.282076993420995,-1.65660755211815,-0.863885645353328,0.381656675854104
"wOzx7Fgz",-0.504076821837111,-0.430336384732528,0.556281757484131,-0.587480022957915,0.235608264946043
"wPhjhCJQ",-0.367865969439818,0.00697745182726191,-0.372676167651474,-0.580036290239546,0.776334888039021
"wQSWWmYB",-0.440334967474509,0.0686217229505872,-0.945760898476263,-0.339273474030349,1.28989187421878
"wdIMrXwy",1.80893112424375,0.0969441798375648,2.17923950559271,-1.00892987659197,-0.505300198482725
"wiL9npQc",-0.371152069166905,-0.401758444300652,-1.00042044529617,-0.671825451198881,0.369730109250379
"wnU95Cxn",2.50601717192545,-0.129199353314882,2.78562098813082,-0.635507071570736,-1.7667263807991
"wpJbbjJs",0.012240096491297,0.0576530888954211,0.706785764339608,-0.261487579095448,0.402842142152188
"wsOWTAbI",0.663548680946821,1.19513955235427,2.43117659062604,0.90370035005555,-0.459477172255863
"wtdBcU3U",-0.416788124686086,-0.386874426720395,-0.0659430584007337,-0.775908825028916,0.587190940198782
"wuKXVxOc",-0.404057867770274,-0.30941261572836,-1.69458978326203,-0.752275507984307,0.957046715597865
"wyzadAt8",-0.577324715189336,-0.260596685617106,-0.917404469822517,-0.881236521709218,0.835837474169696
"wzaKzYwi",0.174603586887523,-0.550118141883913,1.59678779689855,-0.714829200821503,0.834004259001088
"x6GCk4EV",-0.22978361536831,-0.17688117142954,-0.0496058397280727,-0.478229092907939,0.393344608231439
"x6lUi3vf",0.0396745521728491,-0.152664105335367,0.919236284616669,0.376128292717965,-1.24389774911678
"x8mwDHv9",-0.397494764035761,-0.278042419672175,0.248248327699777,-0.264722422748757,0.0818679880285006
"xIYm6puH",0.48397740446097,0.142316501273812,-0.575397826829793,0.50195687398202,-1.64733638974758
"xO6UdpsK",0.479924726744495,-0.795067384250417,-0.447694800708617,-0.251399611362413,-2.08873530916465
"xQ2bkOvj",-0.836072317639188,-0.480655629807836,-2.68924053888505,0.276777374044635,-1.63955331717799
"xeXyDCEQ",3.02946697159844,-0.243165708235016,2.12593797905328,0.983629113652821,-0.667117789741367
"xrggHziO",-0.302583947896368,-0.278802022364949,0.0536725944234344,-0.412048375080904,0.339587776186493
"y1WMCmqQ",-0.305080781699482,-0.459897461955552,-0.537552804231535,-0.405047291546909,0.133717216888874
"yDngezhM",-0.367973170066953,-0.295157930107458,-1.61293788630803,-0.841332548039118,-0.378288839663744
"yLiFjMD0",-0.504360173198535,-0.140609143539916,-0.337720377471945,-0.565287359508044,1.62315078124935
"ySwEBO7w",-0.440846078757131,-0.286295991160408,-0.529515162750057,-0.082470803536926,-1.29437284658816
"ydC9UsSm",-0.456629778035284,-0.244991266356055,-2.12652370153925,0.899173031187253,-0.174472251730328
"ydEG4VBd",-0.399421872336113,0.144114942783236,-1.27533742733376,-0.147751641733887,1.30266915129474
"yf76yWXc",-0.416669672024959,0.891257710793279,0.953321108149945,-0.824817276582308,0.216321317400691
"yg70e63n",-0.321292476670678,-0.124696267414798,-0.493778544657447,-0.199113965829995,0.193385295568517
"ywxtlSKv",-0.483735695360226,-0.320611282177881,-0.868042607651363,-0.528809289191001,-0.0534333532199682
"yzKPQPOR",-0.778019333257467,-0.431590545807031,-1.67885308232816,-0.0981386821424324,-1.32618554114651
"z5cnOnZ1",-0.447706305400583,-0.426542845176464,0.217757149847609,-0.459729947506862,-0.406881267081532
"zFLkOE0e",0.269534424889424,-0.221670901414968,0.491701694493596,0.47568616455377,-0.968430620011365
"zGi72mxL",-0.707704623477434,-0.448842717637894,0.745514448917599,-0.22334072206858,-0.773879678306109
"zN925UV3",-0.428530244843617,-0.345350674762117,-1.37335459516897,0.18565623077073,-1.164366073422
"zTy2ih7e",-0.327308186511012,-0.486436990637172,-1.44253707059527,-0.876529843429131,0.957923166942749
"zVFzAutw",-0.425347272598057,0.0328901843516958,-0.529752422341202,-0.36498225205438,1.15308011880736
"zYxNAkht",-0.6827323927534,-0.277269059441201,-1.30657973978007,-0.752444773204691,0.625513463151112
"zaWDBai3",-0.629028676468482,0.111989361728039,-0.807876088136539,-0.148075187224513,1.43825764794956
"zg3u0Zsx",-0.306384029835722,0.0953640150664479,-0.400808481123616,0.0521929143013212,0.443587791714492
"zlwLfdsS",-0.578040167665,-0.30852393145452,-1.3035988929347,1.28706124242468,-1.3464085315488
"zmbKzVfl",-0.418180170368554,-0.532855384478564,-1.7764709896804,-0.339724216144327,0.218115123246683
